Actual,Greedy_Euclidean,A*_Euclidean,Greedy_Manhattan,A*_Manhattan
[187,267,267,267,267]
[0,1.957839727,4.085868359,1.059282541,1.1951980590820312]
[187,280,280,280,280]
[0,1.777082205,3.615961552,1.080934525,1.301734209060669]
[184,278,278,278,278]
[0,1.959709406,4.244844913,1.097887754,1.2400774955749512]
[185,290,286,290,286]
[0,1.860244751,3.851567507,1.153685331,1.2516226768493652]
[193,302,302,302,302]
[0,2.768795013,6.172055006,1.283235073,1.5790398120880127]
[187,249,249,249,249]
[0,2.161533833,3.819307566,1.046765327,1.146848440170288]
[186,260,254,254,254]
[0,1.413339376,2.438088417,0.9491503239,1.0247015953063965]
[190,283,283,283,283]
[0,2.407969713,5.560926437,1.181933165,1.3951635360717773]
[185,260,260,260,260]
[0,2.010545731,3.689955473,1.053208113,1.1816349029541016]
[188,265,265,267,265]
[0,1.834213495,3.848625898,1.05274272,1.1959140300750732]
[176,264,264,264,264]
[0,2.000849485,3.787894249,1.053503275,1.1749732494354248]
[189,236,236,236,236]
[0,1.563674927,3.026241302,0.9112913609,1.0104708671569824]
[190,300,300,300,300]
[0,2.190496922,3.652101994,1.225089073,1.3131723403930664]
[188,285,283,285,285]
[0,2.142350435,4.118094683,1.19004178,1.2987992763519287]
[182,285,285,285,285]
[0,2.060523033,3.798537493,1.18421483,1.283926010131836]
[188,276,276,276,276]
[0,1.826140165,3.673650742,1.087915421,1.1763877868652344]
[189,262,262,262,262]
[0,1.958715916,4.146450043,1.104884386,1.2189013957977295]
[178,277,277,277,277]
[0,1.987391233,3.50280571,1.112805605,1.209575891494751]
[188,290,290,302,290]
[0,1.815461874,3.409897089,1.169553041,1.2296247482299805]
[191,265,265,267,265]
[0,1.682778597,3.485840797,1.034574509,1.1400089263916016]
[190,280,280,280,280]
[0,2.404915333,4.948265314,1.187184334,1.378342628479004]
[186,267,267,267,267]
[0,2.568431139,5.361416101,1.167215347,1.3562037944793701]
[184,264,264,264,264]
[0,2.385168076,4.453154564,1.09098053,1.2419652938842773]
[187,257,257,259,257]
[0,1.458316088,2.532916307,0.9716160297,1.0515310764312744]
[184,273,271,273,271]
[0,1.77740097,3.460270405,1.075553417,1.1604297161102295]
[190,261,261,261,261]
[0,2.248277187,4.209383249,1.114439249,1.2353696823120117]
[182,264,264,264,264]
[0,2.026378632,3.9855721,1.077052593,1.217759609222412]
[191,265,265,265,265]
[0,2.12645936,5.199212313,1.09866333,1.3223717212677002]
[185,259,259,259,259]
[0,1.660001755,3.394449949,1.005393505,1.1340653896331787]
[188,269,269,270,269]
[0,1.597982168,3.053335905,1.026502609,1.1262986660003662]
[189,284,284,284,284]
[0,2.253865957,5.626288414,1.182144403,1.3954570293426514]
[186,268,268,268,268]
[0,2.03548646,4.068007231,1.098212004,1.2305099964141846]
[187,272,272,272,272]
[0,1.862385035,3.868785858,1.071250439,1.210649013519287]
[190,270,268,270,268]
[0,1.649493933,3.379160881,1.037982225,1.1436216831207275]
[188,259,259,259,259]
[0,1.669621229,3.518246889,1.007789373,1.138974666595459]
[188,267,267,267,267]
[0,2.415953398,4.362024307,1.138491392,1.289257287979126]
[176,274,272,276,272]
[0,2.112048864,3.44229579,1.107186317,1.183131217956543]
[178,256,256,256,256]
[0,1.66482091,3.265305042,0.9997377396,1.1093509197235107]
[189,258,258,258,258]
[0,1.422745705,2.462470531,0.9632301331,1.0309288501739502]
[188,273,273,273,273]
[0,2.75540328,5.246698618,1.168047667,1.3468601703643799]
[186,291,291,297,291]
[0,2.276891232,4.798160315,1.215942144,1.3763229846954346]
[186,258,256,256,256]
[0,1.957940102,3.730474949,1.064234972,1.2066550254821777]
[188,275,273,279,273]
[0,1.798905849,3.322320223,1.07983613,1.169206142425537]
[191,276,276,276,276]
[0,2.405514956,3.995862961,1.139693499,1.2802326679229736]
[187,256,256,258,256]
[0,1.473248482,2.947410583,0.9691972733,1.0621893405914307]
[185,259,259,259,259]
[0,1.992547274,3.916307688,1.049918175,1.1663484573364258]
[188,290,290,292,290]
[0,2.087337971,4.542831182,1.177201986,1.3367793560028076]
[187,259,259,259,259]
[0,1.590016365,3.067911625,1.002974749,1.099379062652588]
[192,267,267,267,267]
[0,1.849488974,3.887828112,1.063247681,1.1943154335021973]
[182,290,290,294,290]
[0,2.197054863,4.44444561,1.202833176,1.316185474395752]
[185,257,257,257,257]
[0,1.794245958,4.053037643,1.029402494,1.189152479171753]
[192,296,296,296,296]
[0,2.016936302,3.974706888,1.179250717,1.279698133468628]
[178,259,259,259,259]
[0,1.637234926,3.135641813,0.9966468811,1.0978336334228516]
[183,278,278,280,278]
[0,1.733466148,2.892457008,1.071913242,1.152209997177124]
[183,279,279,279,279]
[0,2.089672327,3.448000193,1.114909649,1.210481882095337]
[182,268,268,268,268]
[0,1.510437489,2.618037939,0.991863966,1.0832695960998535]
[189,265,265,265,265]
[0,1.714464664,3.768127918,1.034703016,1.1623289585113525]
[179,271,271,271,271]
[0,1.914836645,3.752118349,1.082102537,1.2288599014282227]
[190,249,247,249,247]
[0,1.645507097,3.06213665,0.9608669281,1.062995433807373]
[191,258,258,260,258]
[0,1.617094278,3.345120192,0.9969630241,1.1316215991973877]
[191,271,271,277,271]
[0,2.199985743,3.920467138,1.155658245,1.2478177547454834]
[185,258,258,258,258]
[0,1.513799667,3.021008015,0.9724285603,1.074674367904663]
[190,259,259,259,259]
[0,2.304427385,5.028991938,1.114492416,1.3118853569030762]
[173,282,282,282,282]
[0,2.626336098,4.008103848,1.201429605,1.289825677871704]
[190,283,283,297,283]
[0,2.197486162,4.462507963,1.2190063,1.3266069889068604]
[178,260,256,260,256]
[0,2.276808023,4.423725128,1.093859911,1.2383687496185303]
[192,255,255,255,255]
[0,2.049462318,4.077905893,1.064065218,1.1795885562896729]
[193,285,285,287,285]
[0,2.414364576,5.690221548,1.225173235,1.43817138671875]
[187,262,262,262,262]
[0,1.7793262,3.691093683,1.033399582,1.1860599517822266]
[187,286,286,286,286]
[0,1.964505672,3.803908587,1.132318974,1.2404062747955322]
[186,268,266,266,266]
[0,2.241430044,4.879101992,1.117281914,1.2905168533325195]
[185,245,245,245,245]
[0,1.602342844,3.246307373,0.9527719021,1.060805320739746]
[189,280,278,280,278]
[0,2.060377359,4.492032051,1.142045975,1.2914485931396484]
[189,265,265,265,265]
[0,2.054758787,4.4088099,1.07863307,1.2418527603149414]
[190,281,279,281,279]
[0,2.003676176,3.895218849,1.135021687,1.2613708972930908]
[181,238,238,238,238]
[0,1.63957715,2.827469349,0.9356353283,1.0092575550079346]
[190,297,295,297,295]
[0,1.822438717,3.623503447,1.138735294,1.246798038482666]
[188,280,280,280,280]
[0,1.925221443,4.282873869,1.111388445,1.272721290588379]
[185,266,264,268,264]
[0,1.841588974,3.600087404,1.059799433,1.1591558456420898]
[177,284,302,306,302]
[0,2.094236851,3.164889574,1.221336603,1.270794153213501]
[189,256,256,256,256]
[0,1.745383263,3.37969327,0.9998207092,1.1318352222442627]
[188,259,259,259,259]
[0,2.01098609,4.690155506,1.061166286,1.2332074642181396]
[189,253,253,253,253]
[0,1.999878883,4.641244888,1.034877777,1.222141981124878]
[186,287,287,289,287]
[0,1.841997623,3.397315264,1.119758606,1.1947190761566162]
[190,270,266,270,266]
[0,1.918699265,4.547174454,1.07767868,1.23844313621521]
[186,256,256,256,256]
[0,2.056523323,4.072954416,1.070212126,1.223832130432129]
[181,292,290,295,290]
[0,2.116284609,3.853726625,1.19379425,1.2794337272644043]
[188,275,275,275,275]
[0,1.728821993,3.226368904,1.067279577,1.1572937965393066]
[184,257,257,257,257]
[0,2.002905607,3.682739258,1.061613321,1.176912546157837]
[187,284,282,284,282]
[0,2.007787704,4.195797205,1.134110451,1.2608675956726074]
[188,287,287,287,287]
[0,2.115172386,3.944108963,1.154039145,1.2704486846923828]
[187,276,276,276,276]
[0,2.024836779,3.848222494,1.121056557,1.2413599491119385]
[178,272,282,272,282]
[0,1.970360279,3.790016413,1.097171068,1.2456276416778564]
[192,287,285,287,285]
[0,2.029278994,4.801337242,1.158122301,1.3219714164733887]
[185,260,260,260,260]
[0,1.681610107,2.920851707,1.008111715,1.100376844406128]
[184,265,265,265,265]
[0,1.714720964,3.423486471,1.032890558,1.1264839172363281]
[185,251,251,251,251]
[0,1.98909688,4.290662766,1.03823781,1.1820464134216309]
[191,258,258,258,258]
[0,2.079671621,4.748381376,1.067533731,1.2396728992462158]
[180,287,287,291,287]
[0,2.145614147,3.796774626,1.151172161,1.2570457458496094]
[187,246,246,246,246]
[0,1.857322693,3.346330404,0.9983794689,1.0989043712615967]
[184,269,269,269,269]
[0,2.165740252,4.308642387,1.112794161,1.2181494235992432]
[184,257,257,257,257]
[0,1.829054594,3.593995094,1.024709702,1.157637119293213]
[190,316,308,310,308]
[0,2.205573559,4.613485098,1.232459545,1.3629753589630127]
[185,273,273,273,273]
[0,1.898475647,3.401118279,1.077331543,1.171104907989502]
[187,294,294,296,294]
[0,2.166572332,4.791285038,1.193661213,1.350337266921997]
[185,300,300,300,300]
[0,2.350128412,4.876277685,1.269971132,1.404237985610962]
[189,250,250,250,250]
[0,1.796734333,3.936434984,1.005974054,1.13149094581604]
[184,264,264,264,264]
[0,2.0105474,4.005526304,1.079162121,1.207277774810791]
[188,254,254,254,254]
[0,1.526912451,3.188820601,0.9633862972,1.089233160018921]
[185,269,269,269,269]
[0,2.102916002,3.842432022,1.098396063,1.2272982597351074]
[185,270,270,270,270]
[0,1.796920538,3.674886942,1.071098804,1.170259714126587]
[183,268,268,268,268]
[0,2.070762396,3.859569073,1.080422878,1.2001123428344727]
[184,262,262,262,262]
[0,1.842686653,3.819305658,1.052623987,1.1591532230377197]
[188,255,255,255,255]
[0,1.812969923,4.018294573,1.01317811,1.1702709197998047]
[181,239,239,239,239]
[0,1.793488264,3.439172745,0.9514164925,1.0800471305847168]
[183,274,274,274,274]
[0,2.417875767,4.064813852,1.162503242,1.288450002670288]
[187,256,256,256,256]
[0,2.1520679,4.008996487,1.081100225,1.206939458847046]
[188,270,268,280,268]
[0,1.750111818,3.448321342,1.08172822,1.1502540111541748]
[186,265,265,265,265]
[0,1.693632126,3.290366888,1.02423811,1.1441810131072998]
[187,253,253,253,253]
[0,1.892910004,4.179175615,1.041460752,1.1846530437469482]
[190,284,284,284,284]
[0,1.938071966,4.257920265,1.126845837,1.2609000205993652]
[186,269,269,269,269]
[0,1.651479959,3.404299259,1.023964643,1.148413896560669]
[191,245,245,245,245]
[0,1.881515265,4.151558876,1.001039028,1.1545565128326416]
[190,280,276,280,276]
[0,2.342895985,5.518734932,1.187942028,1.378981113433838]
[187,276,276,276,276]
[0,2.086426497,3.769408226,1.13124609,1.226548194885254]
[184,247,247,247,247]
[0,1.943865538,3.572423458,1.016784668,1.1287152767181396]
[183,247,247,247,247]
[0,1.889271975,3.671822548,1.031529665,1.1315972805023193]
[185,274,272,274,272]
[0,1.682134151,3.101744652,1.043390512,1.1490161418914795]
[187,282,280,282,280]
[0,2.069578409,4.504298925,1.13072753,1.2897253036499023]
[189,282,282,282,282]
[0,2.36331749,5.068501472,1.166048288,1.3663849830627441]
[190,269,269,269,269]
[0,2.62435317,4.662205935,1.211281538,1.3566100597381592]
[186,259,259,259,259]
[0,1.413183689,2.648116589,0.9577913284,1.0439341068267822]
[192,271,271,271,271]
[0,2.142042875,4.410013914,1.108254671,1.2715134620666504]
[186,289,289,289,289]
[0,1.827131033,3.89249897,1.111948013,1.244391679763794]
[188,281,273,279,273]
[0,1.832388401,3.57772994,1.086676121,1.187093734741211]
[183,293,293,284,293]
[0,1.973029613,3.331238031,1.12365222,1.237635850906372]
[189,262,262,262,262]
[0,1.888180494,3.853195429,1.044682264,1.181746006011963]
[187,272,272,272,272]
[0,1.949883461,3.987290859,1.068868876,1.2265734672546387]
[192,303,299,301,299]
[0,2.058661222,4.210588694,1.184811115,1.3359577655792236]
[180,261,261,261,261]
[0,1.962866545,3.892795801,1.072910309,1.1820144653320312]
[188,266,266,266,266]
[0,1.903096914,3.918017149,1.065053701,1.197249174118042]
[188,267,267,267,267]
[0,1.961362123,4.289816856,1.078305721,1.2447361946105957]
[188,291,289,289,289]
[0,1.971642733,3.942464352,1.141508102,1.256950855255127]
[188,261,261,261,261]
[0,1.84257102,4.366269588,1.045631886,1.2211802005767822]
[183,259,259,259,259]
[0,1.87940836,3.184092999,1.035574436,1.1178309917449951]
[188,272,272,272,272]
[0,2.175333738,4.541496038,1.130344391,1.2583253383636475]
[182,278,272,274,272]
[0,1.958374023,3.719268799,1.093608379,1.1955602169036865]
[186,277,277,273,277]
[0,1.932848215,3.887531281,1.088038921,1.2315049171447754]
[184,299,297,299,297]
[0,1.842765808,3.277863979,1.147763968,1.2515711784362793]
[186,258,258,258,258]
[0,2.496745348,4.876769066,1.125694513,1.287313461303711]
[190,273,273,273,273]
[0,1.771981001,3.54647541,1.066109896,1.161813497543335]
[187,268,268,268,268]
[0,1.573745489,3.029420614,1.018171549,1.128706932067871]
[188,263,263,263,263]
[0,2.119303226,4.194040537,1.088859797,1.2240345478057861]
[191,285,285,285,285]
[0,1.736489534,3.622084856,1.095100641,1.233454942703247]
[189,261,261,261,261]
[0,2.384520531,6.297603846,1.155505657,1.4453001022338867]
[185,253,253,253,253]
[0,1.997028112,3.77423048,1.034040451,1.1686468124389648]
[179,305,305,307,305]
[0,1.853448868,3.480935335,1.17215395,1.2614388465881348]
[189,287,287,291,287]
[0,2.171255827,4.34276104,1.171586275,1.3081727027893066]
[184,262,262,262,262]
[0,1.683560133,3.140633583,1.021796227,1.1257128715515137]
[188,277,277,281,277]
[0,1.899425507,4.049298525,1.129350424,1.2580056190490723]
[189,269,269,269,269]
[0,2.620711088,4.84543252,1.204746485,1.3607897758483887]
[178,237,237,239,237]
[0,1.694519758,3.00164175,0.9598908424,1.0374608039855957]
[186,257,257,257,257]
[0,2.286808014,4.402424574,1.097695589,1.2279415130615234]
[177,283,283,283,283]
[0,1.90854907,3.348088741,1.110287428,1.188873529434204]
[184,266,266,266,266]
[0,2.080078125,4.057564735,1.11165452,1.2358953952789307]
[180,284,284,288,284]
[0,1.880417109,3.842311144,1.124281883,1.2562320232391357]
[186,258,258,258,258]
[0,2.049210548,3.614629745,1.049861908,1.1762537956237793]
[177,255,255,255,255]
[0,1.97347784,3.799731731,1.056976557,1.1817831993103027]
[192,297,297,297,297]
[0,1.735947847,3.447824478,1.131104469,1.2462024688720703]
[191,269,269,269,269]
[0,2.019510508,4.306050539,1.098577738,1.2541306018829346]
[179,258,258,258,258]
[0,2.202522755,3.857887268,1.096643209,1.183903455734253]
[186,260,260,260,260]
[0,1.922202826,3.64035964,1.041093349,1.1684472560882568]
[192,268,268,268,268]
[0,1.936196327,3.773474455,1.088154554,1.21042799949646]
[189,285,285,295,285]
[0,2.396946907,5.440710068,1.247960567,1.3782625198364258]
[190,285,272,283,272]
[0,1.711128473,3.308037996,1.07988596,1.1609621047973633]
[186,269,269,269,269]
[0,1.742815018,3.828078747,1.048843622,1.2142846584320068]
[188,270,268,276,268]
[0,1.912932158,4.337618113,1.097627163,1.2338707447052002]
[193,272,272,272,272]
[0,2.209064007,4.729915142,1.148873806,1.3005201816558838]
[190,272,272,272,272]
[0,2.063360453,4.392567396,1.136834145,1.2884321212768555]
[185,247,247,247,247]
[0,1.93870163,4.011467934,1.023948669,1.1706912517547607]
[189,294,294,294,294]
[0,2.31559968,5.25724411,1.205711126,1.4012396335601807]
[187,267,267,269,267]
[0,2.048393488,4.903046846,1.113886118,1.3290021419525146]
[186,279,279,279,279]
[0,2.159578562,4.460259438,1.124995708,1.324042797088623]
[191,296,296,296,296]
[0,2.387707949,4.654145479,1.211083889,1.3659651279449463]
[187,274,268,274,268]
[0,1.962255716,4.692457438,1.105154514,1.2585437297821045]
[185,286,278,278,278]
[0,2.027030945,3.833309889,1.106818438,1.2209386825561523]
[182,258,258,258,258]
[0,1.824391842,3.189572334,1.029229879,1.11612868309021]
[186,249,249,249,249]
[0,1.74331522,3.698536634,0.9853122234,1.130082607269287]
[187,281,281,285,281]
[0,1.984614372,4.1479671,1.1365695,1.2778332233428955]
[189,261,259,261,259]
[0,1.547928572,2.928203106,0.9975438118,1.1007413864135742]
[183,276,276,276,276]
[0,1.980694771,4.166162252,1.093772888,1.2483718395233154]
[188,270,270,276,270]
[0,1.726730108,2.890321255,1.055688381,1.1199963092803955]
[188,302,298,306,298]
[0,1.952641249,3.66601944,1.193297863,1.2890899181365967]
[187,276,275,275,275]
[0,2.005071163,3.878810644,1.097136497,1.237229824066162]
[178,253,253,253,253]
[0,1.985283613,3.747825146,1.02374053,1.1473186016082764]
[183,286,286,292,286]
[0,1.988935471,4.085605621,1.156054735,1.2932627201080322]
[182,269,269,269,269]
[0,1.88941884,3.500676632,1.064668417,1.182112455368042]
[188,282,282,282,282]
[0,1.940281868,3.615783691,1.116492271,1.2292461395263672]
[185,247,247,247,247]
[0,1.441871881,2.654794693,0.933352232,1.0245304107666016]
[183,270,270,270,270]
[0,2.122325182,4.029909849,1.130096436,1.2429823875427246]
[184,264,264,264,264]
[0,1.801148415,3.218344688,1.031274319,1.1411418914794922]
[190,281,277,287,277]
[0,1.920063972,4.108144045,1.137349129,1.2365248203277588]
[187,278,278,278,278]
[0,2.030846834,4.764768124,1.124651909,1.316713809967041]
[187,282,282,282,282]
[0,2.593533993,4.686522245,1.192675114,1.413827896118164]
[185,273,273,273,273]
[0,1.826365471,3.861545324,1.070227623,1.1861984729766846]
[186,262,262,262,262]
[0,1.927606583,4.018033028,1.066213369,1.207810640335083]
[185,253,253,253,253]
[0,2.364919186,4.586149216,1.108317852,1.2454700469970703]
[188,256,256,256,256]
[0,1.754262447,3.78689003,1.018157482,1.1402695178985596]
[186,278,278,278,278]
[0,1.679200411,3.283026695,1.07142663,1.174269437789917]
[184,251,251,251,251]
[0,2.043009758,4.020490885,1.055330753,1.176100492477417]
[189,283,285,291,285]
[0,1.901875257,3.392575741,1.131769657,1.1996924877166748]
[187,282,282,282,282]
[0,1.919915676,3.592460155,1.116670609,1.2335247993469238]
[175,257,257,257,257]
[0,1.650957584,2.70386982,1.002635717,1.0839605331420898]
[180,313,313,318,313]
[0,2.261498213,3.964846373,1.277022839,1.3599269390106201]
[187,244,244,244,244]
[0,2.101254225,4.356523514,1.048810005,1.2009925842285156]
[182,265,265,265,265]
[0,2.164618492,3.484677315,1.108457327,1.1884126663208008]
[189,286,286,286,286]
[0,1.996949673,4.306014538,1.117355824,1.291590690612793]
[184,298,296,298,296]
[0,1.906538486,3.577719212,1.153384924,1.2587745189666748]
[181,268,264,268,264]
[0,1.604657888,2.550267458,1.004712582,1.0666136741638184]
[187,267,265,266,265]
[0,1.848834038,3.311852932,1.055620432,1.1476666927337646]
[188,262,262,262,262]
[0,1.75765419,3.713346243,1.041982651,1.1714115142822266]
[189,270,270,270,270]
[0,1.873013258,3.895492554,1.072127104,1.206150770187378]
[190,259,259,259,259]
[0,1.806585789,3.721524239,1.019836903,1.1616525650024414]
[188,299,299,299,299]
[0,2.086863279,4.436376333,1.171797037,1.3151609897613525]
[182,283,283,283,283]
[0,2.093251228,3.898814201,1.133119583,1.2597029209136963]
[193,258,258,258,258]
[0,1.849110842,4.15491128,1.044341564,1.1809370517730713]
[180,266,266,266,266]
[0,1.978182077,3.897471428,1.077324629,1.1943049430847168]
[184,264,264,264,264]
[0,1.669507265,3.672302961,1.030695677,1.1684517860412598]
[181,248,248,248,248]
[0,1.980850935,3.978479624,1.013068676,1.1542320251464844]
[177,262,262,262,262]
[0,2.150161266,3.442288637,1.102133274,1.1918067932128906]
[186,256,256,256,256]
[0,1.978826761,4.144235611,1.053891182,1.1934771537780762]
[186,262,262,262,262]
[0,1.739070654,3.123568535,1.021860361,1.1401281356811523]
[185,266,266,266,266]
[0,2.198685646,4.785449982,1.100803375,1.3123786449432373]
[181,264,260,264,260]
[0,1.686074495,3.080420256,1.027552843,1.1037304401397705]
[187,252,252,252,252]
[0,2.097845078,4.09877944,1.061815023,1.1831443309783936]
[190,283,281,283,281]
[0,2.085831881,3.141421556,1.139084339,1.2108333110809326]
[185,271,271,271,271]
[0,1.962809086,4.694542408,1.101239443,1.270611047744751]
[191,275,275,275,275]
[0,1.822601318,3.848954439,1.078003645,1.2036921977996826]
[191,297,297,299,297]
[0,2.09694314,4.019596815,1.213690996,1.3352937698364258]
[189,265,265,265,265]
[0,1.991090059,4.558355093,1.083873034,1.2611632347106934]
[176,273,273,273,273]
[0,1.867879152,3.284542322,1.082930326,1.1651086807250977]
[175,268,266,268,266]
[0,2.051444292,3.497545481,1.09359622,1.1756224632263184]
[187,290,288,290,288]
[0,1.88291955,3.776755571,1.120444059,1.2163774967193604]
[188,272,272,272,272]
[0,1.5632267,2.902246714,1.077173233,1.1334915161132812]
[192,305,303,305,303]
[0,2.118786335,4.693172693,1.235224009,1.4375638961791992]
[187,267,267,267,267]
[0,2.295213461,5.163794994,1.121456623,1.3337085247039795]
[187,263,263,263,263]
[0,2.103770018,3.834742308,1.109474897,1.2292978763580322]
[188,261,261,261,261]
[0,2.022989035,3.93535924,1.073371887,1.2227892875671387]
[188,290,286,290,286]
[0,1.759361982,3.501963377,1.103174925,1.210481882095337]
[179,246,244,246,244]
[0,1.660337448,3.32678318,0.9670176506,1.062819004058838]
[186,269,269,269,269]
[0,2.069276571,4.168287277,1.105796337,1.214724063873291]
[180,304,302,306,302]
[0,2.377124786,4.630321503,1.249703407,1.3638651371002197]
[171,272,272,272,272]
[0,2.017186403,3.252577782,1.089788675,1.1777453422546387]
[187,266,266,266,266]
[0,1.959226131,4.101406336,1.072256565,1.214867353439331]
[185,284,284,294,284]
[0,1.775554419,3.135242462,1.126737356,1.1853148937225342]
[183,266,266,266,266]
[0,2.08995223,3.415516138,1.090156078,1.1653268337249756]
[189,288,288,288,288]
[0,1.851201773,3.163280964,1.116884708,1.2292141914367676]
[190,268,268,268,268]
[0,1.925541639,4.04668808,1.080966711,1.2275340557098389]
[190,275,273,273,273]
[0,1.952239037,3.644231796,1.089046478,1.216291904449463]
[186,286,286,296,286]
[0,2.266231298,4.656965494,1.215987206,1.343398094177246]
[187,264,264,264,264]
[0,1.615568638,3.197522402,1.008664131,1.1185345649719238]
[189,282,282,286,282]
[0,1.97820735,3.941860676,1.135304451,1.2618606090545654]
[187,266,266,266,266]
[0,1.657822609,3.241923571,1.021459341,1.1361734867095947]
[176,266,266,266,266]
[0,1.834590435,3.642618656,1.051681757,1.1712639331817627]
[191,269,269,269,269]
[0,2.495464325,4.970231056,1.152745962,1.3540058135986328]
[187,267,267,267,267]
[0,2.065176725,4.454957962,1.101671934,1.2520177364349365]
[186,269,267,269,267]
[0,2.129142761,4.214228392,1.114171982,1.2537329196929932]
[179,280,280,280,280]
[0,2.106081486,3.550118446,1.130681515,1.2461926937103271]
[187,278,278,278,278]
[0,2.314229012,4.928576946,1.165288687,1.3499541282653809]
[187,270,270,270,270]
[0,2.113925219,4.906125307,1.129034042,1.3136720657348633]
[188,282,282,282,282]
[0,1.847649813,3.668120861,1.091215849,1.2336740493774414]
[191,279,279,279,279]
[0,1.84038806,4.029232264,1.088035822,1.231769323348999]
[191,288,288,288,288]
[0,2.261348724,5.861358881,1.187603474,1.435429334640503]
[177,285,285,285,285]
[0,2.118087053,4.140646696,1.125937223,1.266026258468628]
[188,261,261,261,261]
[0,2.202055931,4.676187992,1.097684383,1.2793755531311035]
[189,277,277,277,277]
[0,1.806934357,3.698778629,1.067841768,1.2036528587341309]
[191,284,285,289,285]
[0,2.920466661,5.427994967,1.249029875,1.400538682937622]
[189,290,290,290,290]
[0,2.277904034,5.584439516,1.20704174,1.3990075588226318]
[182,286,289,288,289]
[0,1.935514688,3.836841106,1.14323473,1.2588064670562744]
[183,261,261,261,261]
[0,1.923835754,3.763524532,1.043431759,1.1928904056549072]
[184,265,265,265,265]
[0,1.926243305,3.53447628,1.061545849,1.192234754562378]
[178,238,238,238,238]
[0,1.860257864,3.760782719,0.9720873833,1.1072924137115479]
[185,270,270,272,270]
[0,1.527853012,2.990257502,1.019357681,1.1129906177520752]
[185,257,257,261,257]
[0,1.91910696,3.875669241,1.044847488,1.1875293254852295]
[188,292,292,294,292]
[0,1.842497587,3.63905859,1.12971735,1.2267436981201172]
[189,276,274,276,274]
[0,2.096552849,4.244803667,1.111691236,1.2540388107299805]
[176,269,269,269,269]
[0,1.72566247,2.896657944,1.037154198,1.1352722644805908]
[188,265,265,265,265]
[0,1.978792429,4.520912886,1.085902452,1.2798521518707275]
[193,295,293,297,293]
[0,2.111879587,4.0233109,1.177459717,1.2966039180755615]
[183,273,273,273,273]
[0,1.9160707,3.674022913,1.083654404,1.1900966167449951]
[179,277,277,277,277]
[0,2.040320635,3.555632353,1.121517897,1.2261357307434082]
[190,285,285,285,285]
[0,2.266980648,5.12688756,1.184449673,1.3797922134399414]
[191,278,279,281,279]
[0,2.121601105,4.200445175,1.121665716,1.2479827404022217]
[181,272,272,272,272]
[0,2.045106173,3.643996954,1.104040861,1.214289665222168]
[187,273,273,273,273]
[0,2.130288839,4.72010088,1.106820822,1.3167510032653809]
[183,297,297,297,297]
[0,3.086381912,6.752112865,1.332753181,1.5759806632995605]
[193,278,278,278,278]
[0,2.365144253,4.654944897,1.163807631,1.3239037990570068]
[185,277,277,285,277]
[0,1.962072611,3.896854877,1.103621006,1.2121467590332031]
[186,263,263,263,263]
[0,1.783095121,3.775316,1.036629438,1.1645097732543945]
[184,263,263,263,263]
[0,2.050738573,3.738310814,1.068217516,1.1954741477966309]
[186,294,294,296,294]
[0,2.153815031,4.242877245,1.194711208,1.2889606952667236]
[184,270,270,270,270]
[0,2.49951601,4.574217558,1.15692091,1.3018698692321777]
[181,285,285,276,285]
[0,1.673936605,3.045068741,1.027066469,1.1453077793121338]
[188,276,280,282,280]
[0,2.276131868,4.998168945,1.157206535,1.3345603942871094]
[186,262,262,262,262]
[0,1.580333471,3.016756296,0.9910371304,1.095494270324707]
[189,259,256,256,256]
[0,1.72300148,3.776432753,1.006082058,1.135310411453247]
[189,280,280,280,280]
[0,2.275526524,4.23798418,1.163323402,1.2902119159698486]
[185,251,251,251,251]
[0,1.731292009,3.665575743,0.9927136898,1.1188688278198242]
[187,308,308,312,308]
[0,2.467612505,5.541553736,1.28697443,1.473982572555542]
[187,258,258,258,258]
[0,1.614903212,3.070656776,0.9841423035,1.0841240882873535]
[184,276,276,276,276]
[0,2.13705039,4.812685013,1.130633831,1.2740910053253174]
[181,279,279,279,279]
[0,1.884796143,3.667045593,1.091995239,1.229156494140625]
[186,281,277,281,277]
[0,1.763471842,3.674269199,1.076014519,1.187936782836914]
[192,262,262,262,262]
[0,2.103180885,4.231043816,1.079970837,1.227623462677002]
[185,276,276,276,276]
[0,2.096395016,4.771602154,1.104507685,1.288236379623413]
[179,285,285,285,285]
[0,1.943843842,3.70893383,1.110512495,1.2503211498260498]
[186,280,278,282,278]
[0,2.041186571,4.189256191,1.121977329,1.256577730178833]
[188,273,273,273,273]
[0,2.159231901,4.630808115,1.112797022,1.27823805809021]
[187,274,274,274,274]
[0,2.029271841,4.512654781,1.098392487,1.2791025638580322]
[192,265,265,265,265]
[0,2.037471533,4.562535524,1.067686796,1.260568618774414]
[186,258,258,258,258]
[0,1.860815048,4.024003983,1.010525227,1.1637163162231445]
[183,260,260,260,260]
[0,1.83905673,4.070718527,1.022012711,1.1867561340332031]
[189,291,291,291,291]
[0,1.620938778,2.927075148,1.070100307,1.1552619934082031]
[189,306,306,300,306]
[0,2.35728097,4.310185909,1.203439474,1.3546810150146484]
[187,283,283,283,283]
[0,1.789380789,3.525240421,1.080723047,1.2020421028137207]
[187,271,271,275,271]
[0,2.110119343,4.191557646,1.105510473,1.2188119888305664]
[178,263,263,263,263]
[0,2.012977839,3.800657749,1.049112082,1.1893467903137207]
[190,267,267,269,267]
[0,1.746950388,3.306725264,1.042414904,1.1467931270599365]
[188,279,279,281,279]
[0,1.954835176,3.796979904,1.122248173,1.256150245666504]
[184,252,257,252,257]
[0,1.847400904,3.939950705,1.004432917,1.1459333896636963]
[183,249,249,249,249]
[0,2.043984175,4.406188488,1.020463228,1.2054662704467773]
[188,259,259,259,259]
[0,1.863687992,4.249580383,1.021660328,1.1671180725097656]
[184,251,251,251,251]
[0,1.829313993,3.223083973,0.9800348282,1.0944221019744873]
[188,263,263,263,263]
[0,2.25173974,5.393996239,1.110166311,1.2882380485534668]
[187,288,284,288,284]
[0,2.402933598,5.026806116,1.183967352,1.3771135807037354]
[176,292,290,292,290]
[0,2.057518244,4.118956089,1.15266633,1.291264295578003]
[191,282,282,282,282]
[0,2.231504679,4.541526079,1.155550003,1.3080615997314453]
[188,249,249,249,249]
[0,1.892857552,3.839662075,0.9989306927,1.130814790725708]
[187,297,297,299,297]
[0,1.828138828,3.63969183,1.137965202,1.2585527896881104]
[189,280,276,280,278]
[0,1.880903244,4.133610964,1.098304749,1.2546947002410889]
[187,271,271,271,271]
[0,2.580317497,4.779957771,1.176219702,1.3101274967193604]
[183,285,285,285,285]
[0,2.044028521,3.937956333,1.140712023,1.2675652503967285]
[184,264,264,264,264]
[0,2.094744921,3.953300476,1.080379725,1.1970458030700684]
[187,283,283,283,283]
[0,1.993503332,4.263528585,1.11655283,1.2660610675811768]
[184,273,273,273,273]
[0,2.133152962,4.256949902,1.102688789,1.2457611560821533]
[183,280,280,280,280]
[0,2.082235336,4.169220924,1.115660906,1.2583250999450684]
[184,280,280,280,280]
[0,2.333789349,4.595194817,1.147084475,1.328474760055542]
[182,278,278,275,278]
[0,2.149159193,4.323223114,1.121035337,1.292461633682251]
[186,284,284,286,284]
[0,1.565011501,2.810734272,1.060256481,1.1419272422790527]
[185,259,257,259,257]
[0,1.922940016,3.559484005,1.033393383,1.1372029781341553]
[190,280,280,284,280]
[0,2.401670694,5.375026226,1.222384691,1.3753104209899902]
[184,273,273,273,273]
[0,2.263232946,4.224033356,1.128139734,1.2415907382965088]
[188,258,258,258,258]
[0,1.924604654,3.771958828,1.044869423,1.1640598773956299]
[176,276,274,276,274]
[0,2.081711054,3.265964746,1.098376274,1.1824531555175781]
[181,275,275,275,275]
[0,1.603123426,2.954257965,1.025713682,1.1430957317352295]
[191,267,267,270,267]
[0,1.588172197,2.739880085,1.017163515,1.087475299835205]
[191,267,267,269,267]
[0,1.711447954,3.413758993,1.033453941,1.1126887798309326]
[190,261,261,261,261]
[0,2.324139833,5.238080263,1.109748602,1.2676737308502197]
[185,250,250,250,250]
[0,1.605433941,3.447169304,0.9598665237,1.0813958644866943]
[190,294,294,294,294]
[0,2.2152071,4.014839649,1.160133123,1.2956712245941162]
[181,262,262,262,262]
[0,1.780509472,3.698679686,1.023530006,1.1624209880828857]
[185,254,254,254,254]
[0,2.045989275,3.746150017,1.063531876,1.1566472053527832]
[189,276,276,282,276]
[0,1.946250916,4.269326687,1.099699736,1.260662317276001]
[181,298,296,298,296]
[0,2.66579318,4.604935169,1.25417614,1.4197278022766113]
[188,272,271,271,271]
[0,1.845543385,3.793191671,1.0626688,1.2027969360351562]
[186,298,298,298,298]
[0,3.206758976,5.519441366,1.383965969,1.5063602924346924]
[189,289,283,283,283]
[0,2.613178015,4.373768568,1.174966574,1.3187236785888672]
[187,265,265,265,265]
[0,1.773012161,3.617026329,1.03408289,1.1494524478912354]
[184,283,283,283,283]
[0,2.06528616,4.185956478,1.13813138,1.2842216491699219]
[177,257,257,257,257]
[0,1.688850403,2.855133533,0.9903488159,1.070739984512329]
[192,264,264,266,264]
[0,1.792515039,3.333092928,1.037263155,1.143991231918335]
[180,287,287,287,287]
[0,1.945097923,2.997381926,1.116528273,1.1893365383148193]
[187,281,279,281,279]
[0,1.854894638,3.867955208,1.092664242,1.2376468181610107]
[186,264,264,264,264]
[0,1.749382734,4.177944899,1.026268959,1.183903694152832]
[184,265,263,265,263]
[0,1.973489285,3.42620945,1.061343908,1.1553423404693604]
[181,270,270,270,270]
[0,1.84730792,3.832527161,1.059548616,1.2046785354614258]
[188,269,260,260,260]
[0,1.848908901,3.698978662,1.023294687,1.1559925079345703]
[189,250,250,250,250]
[0,1.486054659,2.675785065,0.9404041767,1.0309076309204102]
[177,264,264,264,264]
[0,1.798184395,3.407234192,1.033990145,1.131030797958374]
[181,264,264,266,264]
[0,2.124981642,4.455506802,1.106256723,1.2515618801116943]
[184,266,266,272,266]
[0,1.963381529,4.001995564,1.096805811,1.1845104694366455]
[185,250,250,250,250]
[0,1.477948904,2.704683542,0.937974453,1.0342497825622559]
[193,288,288,288,288]
[0,2.454051018,4.930731297,1.214278698,1.3799149990081787]
[189,270,270,270,270]
[0,2.338940144,5.573526382,1.143078089,1.3456470966339111]
[187,275,275,277,275]
[0,1.777605295,3.89706254,1.072859287,1.193068027496338]
[190,257,257,257,257]
[0,1.714127779,3.582060575,0.9981861115,1.1155900955200195]
[189,274,268,268,268]
[0,1.627933741,3.027173042,1.011023283,1.0951175689697266]
[192,268,268,267,268]
[0,1.841971874,3.89710331,1.052969694,1.2147271633148193]
[191,275,275,275,275]
[0,2.006194353,4.308767557,1.090315104,1.2680070400238037]
[187,294,294,296,294]
[0,1.612054348,3.401442528,1.103615761,1.209214687347412]
[192,296,296,298,296]
[0,1.821359873,3.980781555,1.125073671,1.2854087352752686]
[188,291,291,291,291]
[0,1.919945717,4.094775438,1.127106667,1.27042555809021]
[192,299,295,295,295]
[0,2.408089876,4.110659122,1.21665287,1.3214600086212158]
[180,276,276,276,276]
[0,1.931514502,3.568597555,1.091180086,1.209841012954712]
[182,274,274,278,274]
[0,1.911137342,3.447113037,1.098259449,1.191560983657837]
[188,283,283,285,283]
[0,2.367833614,4.684756279,1.165893793,1.3320469856262207]
[189,299,297,299,297]
[0,1.718919992,3.103565454,1.108290434,1.2041962146759033]
[187,288,286,293,286]
[0,1.999696016,3.949908495,1.141582251,1.2427806854248047]
[188,281,281,283,281]
[0,2.41730094,5.055296659,1.184333801,1.3318443298339844]
[189,262,263,264,263]
[0,1.599956036,2.965640783,0.9995419979,1.0833234786987305]
[190,260,260,262,260]
[0,1.432155132,2.653276443,0.9604825974,1.0272269248962402]
[190,280,280,280,280]
[0,2.676448345,6.035692453,1.22287941,1.4597678184509277]
[190,261,259,261,259]
[0,1.776602268,3.225869894,1.021029711,1.1043949127197266]
[188,250,250,250,250]
[0,2.238307238,4.558135986,1.058339119,1.1947338581085205]
[185,284,284,284,284]
[0,1.889273882,3.830332994,1.113976002,1.23832106590271]
[185,261,261,261,261]
[0,1.965876102,4.267584562,1.053827524,1.2107884883880615]
[188,253,251,253,251]
[0,1.739325762,3.716201067,0.9893379211,1.1158335208892822]
[183,260,260,260,260]
[0,1.740816116,3.128223419,0.9850718975,1.102346420288086]
[192,289,289,289,289]
[0,2.26913929,5.508013248,1.194505215,1.4029085636138916]
[192,274,274,274,274]
[0,1.884871244,4.119960308,1.076079369,1.2032310962677002]
[187,254,254,254,254]
[0,1.969560862,4.209627151,1.040416241,1.1773173809051514]
[186,294,294,294,294]
[0,2.764433622,5.301452637,1.294779778,1.4124820232391357]
[186,266,266,266,266]
[0,1.872382879,3.243510962,1.060712576,1.1368629932403564]
[185,256,256,256,256]
[0,1.570119619,3.000714779,0.9741563797,1.067371129989624]
[185,293,293,293,293]
[0,1.935111046,3.735189915,1.135280848,1.264017105102539]
[190,272,270,272,270]
[0,2.052103043,4.789275885,1.098531246,1.2631487846374512]
[185,266,266,266,266]
[0,2.19645381,4.258263588,1.08959651,1.233854055404663]
[191,265,265,268,265]
[0,1.780801058,3.870459557,1.0507164,1.1687209606170654]
[187,272,272,272,272]
[0,2.330318213,3.776007652,1.131447792,1.2472243309020996]
[181,264,264,260,264]
[0,1.805258751,3.332704544,1.014359474,1.138361930847168]
[191,291,291,291,291]
[0,1.963748217,4.162864923,1.139324903,1.280287504196167]
[192,284,284,284,284]
[0,2.417936087,4.887685537,1.17052412,1.3740625381469727]
[187,264,264,264,264]
[0,2.397256374,4.71216774,1.13703227,1.2888929843902588]
[188,277,277,277,277]
[0,2.253969908,4.828781128,1.147712946,1.3106307983398438]
[187,256,256,256,256]
[0,1.784705639,3.594954491,1.017081976,1.1237311363220215]
[187,289,287,287,287]
[0,2.461914778,5.350474358,1.213139057,1.3986549377441406]
[181,269,269,269,269]
[0,2.367345095,4.453348637,1.164708376,1.309739589691162]
[188,255,255,255,255]
[0,1.893529654,3.90174365,1.03199172,1.1782920360565186]
[185,271,271,271,271]
[0,1.793035984,3.645822048,1.053310871,1.1688666343688965]
[190,270,270,274,270]
[0,2.447469234,4.886569738,1.464514971,1.333892822265625]
[187,283,283,291,283]
[0,2.604785442,5.133810759,1.488615274,1.8532519340515137]
[189,257,257,257,257]
[0,2.482791901,3.26304698,1.205113649,1.2085790634155273]
[180,289,289,289,289]
[0,2.607640266,5.113483191,1.641742468,1.5938522815704346]
[192,261,261,261,261]
[0,2.030615091,3.849277735,1.353109121,1.6105847358703613]
[179,264,264,264,264]
[0,1.718508959,2.707295656,1.031148911,1.134399175643921]
[189,258,258,258,258]
[0,1.842074871,3.937534809,1.01221633,1.178100347518921]
[186,257,257,257,257]
[0,1.799364328,4.119376421,1.018837214,1.181117296218872]
[185,270,270,270,270]
[0,1.863707066,3.552067757,1.05086565,1.1808431148529053]
[188,289,289,291,289]
[0,2.190941572,4.395647049,1.186339855,1.3200454711914062]
[189,290,284,288,284]
[0,2.642452717,5.205765009,1.439639091,1.3815109729766846]
[179,281,281,285,281]
[0,2.208457232,3.971771002,1.180644035,1.2703206539154053]
[184,260,260,260,260]
[0,1.674757004,3.174749136,1.046261549,1.158754587173462]
[185,261,261,261,261]
[0,1.694405556,3.71249032,1.026949406,1.1589863300323486]
[189,283,279,283,279]
[0,1.825128078,3.938205481,1.103703737,1.2486927509307861]
[183,263,263,263,263]
[0,2.363301516,4.106927872,1.095635414,1.252084732055664]
[188,294,294,294,294]
[0,1.884190798,3.75316143,1.123790026,1.2606000900268555]
[184,275,275,275,275]
[0,2.292532682,3.789674997,1.144581795,1.248643159866333]
[189,294,294,294,294]
[0,2.13433814,4.197053671,1.172960281,1.3043837547302246]
[191,280,280,280,280]
[0,2.275769711,4.61247921,1.14633584,1.3088428974151611]
[189,269,269,269,269]
[0,1.801972151,3.899352312,1.050556898,1.2429087162017822]
[184,281,281,281,281]
[0,2.476867437,5.63585043,1.188294172,1.3929290771484375]
[183,259,259,259,259]
[0,1.677598476,3.240131617,1.036177635,1.1744825839996338]
[186,274,274,276,274]
[0,2.140083313,4.146766901,1.119814873,1.2609543800354004]
[179,254,254,254,254]
[0,1.691740274,3.120079279,1.004880667,1.120683193206787]
[190,276,274,278,276]
[0,1.839442253,3.528688192,1.127017021,1.2125294208526611]
[190,274,274,274,274]
[0,2.376701593,5.165783167,1.141224623,1.3360295295715332]
[191,262,262,266,262]
[0,1.816348314,3.767785788,1.129939795,1.2096786499023438]
[184,271,271,271,271]
[0,2.078834057,4.416129827,1.10808444,1.2797069549560547]
[189,255,255,255,255]
[0,2.002658367,4.860683441,1.055816412,1.246835470199585]
[190,243,243,243,243]
[0,2.024775505,4.099988699,1.021460533,1.134568691253662]
[179,252,252,252,252]
[0,1.540379286,2.511446238,0.9563205242,1.0229790210723877]
[183,254,252,254,252]
[0,1.751908541,3.785865545,1.000873804,1.1499991416931152]
[185,292,290,292,290]
[0,2.018311501,3.939091206,1.150274754,1.274038314819336]
[185,257,257,257,257]
[0,1.915303946,4.153437853,1.063481808,1.2070012092590332]
[186,256,256,260,256]
[0,1.819362879,3.302097321,1.013263941,1.1195151805877686]
[184,260,260,260,260]
[0,2.333249807,5.093634844,1.147868633,1.6498498916625977]
[188,282,282,282,282]
[0,1.95309639,3.669470549,1.100628853,1.2204604148864746]
[175,268,266,266,266]
[0,1.844147444,3.003871202,1.059847593,1.1413140296936035]
[187,295,292,291,292]
[0,2.027075768,4.295491457,1.134009123,1.293196678161621]
[176,254,254,258,254]
[0,1.461536646,2.435191154,0.9614899158,1.0213561058044434]
[191,282,282,283,282]
[0,1.897353172,3.785766363,1.100479603,1.211106777191162]
[183,258,258,258,258]
[0,2.45152092,4.569888353,1.196044683,1.2964184284210205]
[186,274,274,274,274]
[0,2.053903818,3.949351072,1.09098506,1.2117795944213867]
[179,267,267,267,267]
[0,2.498642683,4.701637268,1.144512415,1.3314521312713623]
[189,293,293,293,293]
[0,2.226278305,4.476709127,1.16955924,1.3636434078216553]
[188,274,274,274,274]
[0,2.296976566,4.678194523,1.128297806,1.3186097145080566]
[187,271,271,271,271]
[0,2.178115129,4.239914656,1.131449461,1.275486946105957]
[186,245,245,245,245]
[0,1.791921854,3.605998278,0.9860651493,1.1176068782806396]
[188,273,269,273,269]
[0,2.214569807,4.731721163,1.341564655,1.2795910835266113]
[184,275,273,275,273]
[0,1.864850283,3.841727018,1.075967312,1.207495927810669]
[181,261,261,261,261]
[0,2.125745058,3.086078644,1.098752737,1.1471643447875977]
[187,251,251,251,251]
[0,2.140930891,4.322682142,1.059370041,1.174574851989746]
[187,244,244,244,244]
[0,1.861320734,3.895520926,0.9850594997,1.1367757320404053]
[188,273,273,275,273]
[0,2.221364737,4.419097662,1.141636848,1.271043300628662]
[188,251,251,251,251]
[0,1.921284676,3.514542341,1.009645462,1.1184840202331543]
[185,275,275,275,275]
[0,1.961267948,4.079529285,1.098109484,1.2491004467010498]
[183,262,260,262,260]
[0,1.763284922,2.729744434,1.015910149,1.0843636989593506]
[176,290,290,290,290]
[0,1.798424721,2.800493717,1.104120016,1.1845881938934326]
[195,275,275,275,275]
[0,2.198148251,4.774590969,1.142155409,1.3191962242126465]
[187,278,278,280,278]
[0,1.830284357,3.391989946,1.093747854,1.2001197338104248]
[189,276,275,275,275]
[0,1.904051304,4.112687588,1.086001396,1.215273380279541]
[188,256,254,254,254]
[0,1.531353712,3.420483589,0.957321167,1.074916124343872]
[187,280,278,280,278]
[0,2.284951687,4.374788761,1.181964397,1.298433780670166]
[184,263,263,267,263]
[0,2.147582531,4.271308184,1.095882177,1.270561695098877]
[186,256,256,256,256]
[0,1.628688335,3.439086437,0.9932637215,1.108158826828003]
[187,268,268,268,268]
[0,1.985325813,4.032077551,1.080661774,1.2027435302734375]
[190,281,279,281,279]
[0,2.719596148,5.376771688,1.23571825,1.4268252849578857]
[191,258,258,258,258]
[0,1.653022766,3.583723545,0.9958603382,1.1069111824035645]
[189,270,270,270,270]
[0,1.746585846,3.534230947,1.033110857,1.155426025390625]
[188,302,300,302,300]
[0,2.293542385,5.005874872,1.232977867,1.4186174869537354]
[186,291,284,291,284]
[0,1.971181393,3.742217779,1.125253916,1.2292289733886719]
[189,259,259,259,259]
[0,1.82089448,3.749680281,1.01909709,1.161184549331665]
[187,266,266,270,266]
[0,1.846788406,3.918942928,1.078887463,1.2233426570892334]
[181,256,256,260,256]
[0,1.53257823,2.960157394,0.9834241867,1.0728161334991455]
[189,241,241,241,241]
[0,2.616868496,5.246236801,1.105682611,1.2846994400024414]
[188,273,269,273,269]
[0,1.77235651,3.373367548,1.040988445,1.1575980186462402]
[192,288,288,288,288]
[0,2.285787821,4.858808517,1.163294315,1.3755016326904297]
[189,291,291,296,291]
[0,2.088614702,4.586060524,1.185371161,1.356799840927124]
[174,298,296,300,296]
[0,2.007502079,3.207940102,1.157938719,1.2400100231170654]
[182,295,287,295,287]
[0,2.073437929,3.491421223,1.177718878,1.281451940536499]
[184,281,281,281,281]
[0,2.537254095,5.058179617,1.193539858,1.4112749099731445]
[181,274,274,274,274]
[0,2.148642063,4.265515089,1.404638529,1.2691154479980469]
[184,275,275,275,275]
[0,2.07353282,4.481706858,1.101192474,1.3232159614562988]
[188,287,287,291,287]
[0,1.901573181,3.321626425,1.123005867,1.203416109085083]
[190,265,265,265,265]
[0,2.248634577,4.918739796,1.13017416,1.3042972087860107]
[183,255,251,255,251]
[0,2.06709218,3.629307747,1.041847706,1.1323866844177246]
[182,285,285,289,285]
[0,2.146487474,4.030638456,1.142528296,1.2657718658447266]
[186,245,245,247,245]
[0,1.620016336,3.16608119,0.9499442577,1.0410866737365723]
[190,271,271,271,271]
[0,1.715187073,3.68429184,1.051108599,1.1615378856658936]
[191,292,292,292,292]
[0,2.460131645,5.986498356,1.226187229,1.6638927459716797]
[188,272,270,278,270]
[0,1.986500025,3.897732973,1.236933708,1.2389721870422363]
[184,250,250,250,250]
[0,1.580464602,3.216025591,0.9623329639,1.0808234214782715]
[190,256,256,256,256]
[0,2.242653131,5.612416506,1.073704243,1.3255047798156738]
[189,268,268,268,268]
[0,1.90641284,4.025080442,1.066833019,1.207594394683838]
[184,235,235,235,235]
[0,1.427355289,2.603065729,0.9583735466,0.9988410472869873]
[188,291,289,291,289]
[0,2.323879242,5.065367699,1.203678846,1.4010367393493652]
[186,263,263,263,263]
[0,2.145854712,4.404448271,1.11971879,1.2502517700195312]
[178,249,249,249,249]
[0,1.784640074,3.287357092,0.9864885807,1.0932188034057617]
[187,250,250,250,250]
[0,1.639549017,3.420258999,0.9691503048,1.1109344959259033]
[184,285,281,285,281]
[0,2.077418804,4.078883648,1.129995823,1.269604206085205]
[188,282,280,282,280]
[0,2.366365433,5.230761766,1.176734209,1.3530206680297852]
[187,272,272,272,272]
[0,2.661113024,5.146353006,1.144813776,1.3890161514282227]
[187,273,273,273,273]
[0,2.305580139,3.813683987,1.068621397,1.2005321979522705]
[186,288,288,288,288]
[0,2.151307821,4.090145111,1.154646873,1.2725744247436523]
[191,245,245,245,245]
[0,1.864366531,3.773737907,1.010411978,1.1230442523956299]
[186,266,266,266,266]
[0,1.887755871,4.014095306,1.047613144,1.1807172298431396]
[190,272,272,272,272]
[0,1.872965574,3.883393288,1.075191975,1.217355489730835]
[183,248,248,248,248]
[0,1.887447834,4.110240221,1.009024143,1.5360171794891357]
[188,275,275,275,275]
[0,1.815557718,3.934895992,1.099103451,1.2338697910308838]
[184,278,278,277,278]
[0,1.750335217,3.406354666,1.085686445,1.1648635864257812]
[187,248,248,248,248]
[0,1.836892366,4.040642023,0.9942734241,1.1621673107147217]
[192,279,279,281,279]
[0,2.055672884,3.779807568,1.144370079,1.2372665405273438]
[190,293,293,295,293]
[0,2.339084148,5.117192268,1.198633432,1.3807456493377686]
[190,277,277,277,277]
[0,2.210742235,4.619610548,1.119977474,1.288264274597168]
[182,284,280,284,280]
[0,1.856592655,4.13212657,1.150727272,1.2682712078094482]
[192,301,301,301,301]
[0,2.96623683,5.579289198,1.345321655,1.5328125953674316]
[188,251,251,251,251]
[0,1.733207464,3.6197083,0.9863848686,1.1137559413909912]
[188,231,231,231,231]
[0,1.593222857,3.485131741,1.020283699,1.0271718502044678]
[187,279,279,279,279]
[0,2.045168877,4.12437582,1.118518829,1.292776107788086]
[186,273,273,275,273]
[0,1.996742249,3.217245817,1.09039855,1.1697654724121094]
[184,256,256,256,256]
[0,2.45306921,4.733279943,1.311629295,1.36018967628479]
[189,253,253,253,253]
[0,2.189972639,4.68813467,1.082373381,1.2510099411010742]
[187,268,262,268,262]
[0,1.791954279,2.950458527,1.028884172,1.0992908477783203]
[186,259,259,259,259]
[0,1.832696915,4.070731401,1.02320385,1.182380199432373]
[177,273,273,273,273]
[0,1.941440105,3.315274,1.080224991,1.1773779392242432]
[184,295,295,297,295]
[0,2.237298012,4.918191433,1.222144604,1.4190566539764404]
[190,259,259,259,259]
[0,1.709350586,3.534918785,1.009304762,1.1223182678222656]
[187,294,292,294,292]
[0,2.25225687,4.94715929,1.183029652,1.3757398128509521]
[187,264,264,264,264]
[0,2.111644745,4.430975199,1.099921465,1.3152294158935547]
[188,261,261,261,261]
[0,2.111733198,4.977059364,1.090183258,1.249570369720459]
[191,269,269,269,269]
[0,2.290959597,5.653636217,1.126410723,1.4095284938812256]
[190,312,308,312,308]
[0,2.343928099,4.242566824,1.284623384,1.360637903213501]
[190,288,288,288,288]
[0,2.310485601,5.1299932,1.230173349,1.4172489643096924]
[186,281,281,281,281]
[0,1.929032087,3.352470636,1.121783257,1.2191240787506104]
[186,290,290,290,290]
[0,1.921532393,3.96757555,1.151893854,1.3584463596343994]
[178,262,262,262,262]
[0,1.597306252,2.690393209,1.051529408,1.087646245956421]
[190,261,257,261,257]
[0,2.020837545,3.698343992,1.062761784,1.1717653274536133]
[184,264,264,264,264]
[0,1.745004177,3.354895115,1.028800726,1.1312909126281738]
[185,262,262,264,262]
[0,2.203502893,4.575525999,1.111628294,1.2731802463531494]
[184,252,252,251,252]
[0,1.601840973,3.130647182,0.9657156467,1.0702471733093262]
[187,263,263,263,263]
[0,2.017766953,4.272987366,1.073227882,1.2247116565704346]
[183,267,267,267,267]
[0,2.18016386,4.512648344,1.248766899,1.4100494384765625]
[188,284,282,275,282]
[0,2.202136278,4.368920088,1.13320756,1.2617487907409668]
[181,251,251,251,251]
[0,1.756831884,3.468097448,1.000353336,1.0950946807861328]
[188,244,244,244,244]
[0,2.232239008,4.709934473,1.025768757,1.2065136432647705]
[179,263,263,263,263]
[0,2.161962986,4.217204809,1.101693869,1.2601799964904785]
[192,291,291,291,291]
[0,1.968788147,4.22103405,1.139989376,1.2832884788513184]
[186,256,256,256,256]
[0,1.659209728,3.795205116,0.9899504185,1.122450351715088]
[183,263,266,272,266]
[0,1.481149912,2.389662504,1.000431061,1.0781898498535156]
[180,283,283,283,283]
[0,2.495464563,4.817414522,1.196997643,1.3572275638580322]
[188,260,260,260,260]
[0,2.265689373,5.18507576,1.188642979,1.304260015487671]
[182,269,269,269,269]
[0,1.82810092,3.119768143,1.066818476,1.147982120513916]
[179,265,261,265,261]
[0,2.34193635,4.046248436,1.135868788,1.2557313442230225]
[189,285,283,285,283]
[0,2.20978117,4.642711163,1.164799213,1.553147315979004]
[186,275,275,275,275]
[0,2.249276161,4.500656843,1.16421771,1.3055388927459717]
[187,250,250,250,250]
[0,1.731279612,3.609542847,0.9615213871,1.091939926147461]
[188,286,286,288,286]
[0,2.354111195,4.763185024,1.204413652,1.3616828918457031]
[185,276,276,276,276]
[0,1.6442554,3.236064672,1.033142328,1.1425495147705078]
[187,276,276,276,276]
[0,1.765891075,3.49973011,1.05449152,1.1725971698760986]
[183,251,251,251,251]
[0,1.991598129,4.151436567,1.049756765,1.2005822658538818]
[185,275,275,275,275]
[0,1.98381114,3.936712742,1.095257521,1.23598051071167]
[187,268,268,274,268]
[0,1.922145605,4.042970419,1.08390069,1.2070469856262207]
[189,254,254,254,254]
[0,2.087161303,4.095029354,1.054470301,1.1757993698120117]
[190,274,274,274,274]
[0,2.107229948,4.394105673,1.097052574,1.2669494152069092]
[181,303,301,301,301]
[0,1.979733467,3.522911787,1.155982971,1.3773627281188965]
[182,271,271,275,271]
[0,1.730373859,3.187023401,1.067512035,1.1302576065063477]
[182,267,267,267,267]
[0,2.216434956,3.589181185,1.113862038,1.230515956878662]
[188,257,257,257,257]
[0,1.919431686,4.177056074,1.088402748,1.1951148509979248]
[187,250,250,250,250]
[0,2.040966749,3.935500383,1.034564018,1.1702361106872559]
[188,272,272,272,272]
[0,1.912857294,3.637758493,1.085343838,1.2805185317993164]
[190,278,278,278,278]
[0,1.772437572,3.802867413,1.078820944,1.3545708656311035]
[189,255,255,255,255]
[0,2.094946623,4.548708916,1.053692579,1.2244541645050049]
[182,281,279,281,279]
[0,2.130792379,3.171396494,1.10685277,1.1910762786865234]
[187,267,267,267,267]
[0,2.130377531,4.274554968,1.321756124,1.2467849254608154]
[187,251,251,251,251]
[0,1.658011913,3.681389332,0.991086483,1.136122465133667]
[187,270,253,253,253]
[0,2.082928419,4.252629757,1.039015055,1.1822502613067627]
[190,267,267,267,267]
[0,2.054873228,4.315318584,1.080969334,1.2349679470062256]
[183,253,253,253,253]
[0,1.907893896,4.123646021,1.002991438,1.1751835346221924]
[186,284,284,284,284]
[0,2.046667099,4.081726313,1.137651205,1.2841899394989014]
[185,262,262,262,262]
[0,1.950265646,3.850712776,1.03739953,1.1736645698547363]
[186,271,271,271,271]
[0,1.944555998,4.619956732,1.062901974,1.2566320896148682]
[185,273,273,273,273]
[0,2.231158018,3.90207243,1.123562098,1.2269749641418457]
[184,265,261,261,261]
[0,1.807717085,3.265611649,1.01215744,1.117271900177002]
[184,245,245,245,245]
[0,2.107461929,4.073394299,1.177541256,1.1380202770233154]
[186,305,305,307,305]
[0,2.223660469,3.891793251,1.196938515,1.3120272159576416]
[183,295,295,299,295]
[0,2.036542177,3.422583818,1.16606307,1.2489604949951172]
[182,279,279,279,279]
[0,2.126698256,4.536064148,1.337914705,1.7607123851776123]
[189,258,258,258,258]
[0,1.965387106,4.428397417,1.181889772,1.2156040668487549]
[186,274,274,274,274]
[0,2.502107382,6.546891689,1.183445692,1.5038728713989258]
[191,269,269,275,269]
[0,1.792629957,3.463255405,1.061441183,1.1377508640289307]
[179,242,242,242,242]
[0,1.774572134,3.322841406,0.9467196465,1.0569820404052734]
[188,263,263,263,263]
[0,1.618880987,3.3765378,1.000433683,1.0981194972991943]
[192,256,256,256,256]
[0,2.029671669,4.652950048,1.038886547,1.1921274662017822]
[185,284,284,284,284]
[0,1.728540897,3.744776011,1.081901312,1.248511791229248]
[187,266,266,266,266]
[0,1.705098867,3.530687809,1.021793842,1.1602673530578613]
[186,271,271,271,271]
[0,1.872994184,3.812678099,1.07215476,1.199120044708252]
[188,300,300,302,300]
[0,2.529091358,6.049525499,1.306403875,1.5280156135559082]
[189,297,297,297,297]
[0,2.294000626,4.47696352,1.212441444,1.3914015293121338]
[187,279,279,279,279]
[0,2.239449263,4.448864222,1.173571348,1.328732967376709]
[188,256,256,256,256]
[0,1.789274693,3.477206945,1.003254414,1.1140127182006836]
[190,285,285,285,285]
[0,2.523974657,5.822698355,1.195373058,1.4138116836547852]
[189,291,291,297,291]
[0,1.855413914,3.923288822,1.141745806,1.2454323768615723]
[184,265,265,265,265]
[0,1.934395552,3.475169897,1.068336964,1.1928045749664307]
[188,260,260,260,260]
[0,1.649795294,2.774139881,1.003482103,1.0763118267059326]
[189,245,245,245,245]
[0,1.655287743,3.187069416,0.9663324356,1.0610606670379639]
[185,265,265,267,265]
[0,1.818003654,3.824099302,1.033077717,1.1585009098052979]
[178,267,257,257,257]
[0,1.615767479,3.029203415,1.026336193,1.0950381755828857]
[187,273,273,273,273]
[0,2.771223068,5.244560242,1.264909267,1.400773525238037]
[186,247,247,247,247]
[0,1.776611328,3.926386118,1.007075548,1.1399214267730713]
[188,270,268,268,268]
[0,1.863618612,4.280545473,1.070833683,1.2567172050476074]
[187,263,263,263,263]
[0,2.138079405,4.274363518,1.066921234,1.230051040649414]
[184,264,262,268,262]
[0,1.645848274,3.610727072,1.025439501,1.1406502723693848]
[187,269,269,269,269]
[0,1.774102449,3.702309608,1.030459166,1.1758286952972412]
[179,241,241,241,241]
[0,1.693017483,2.74206543,0.9446761608,1.0184001922607422]
[186,268,268,268,268]
[0,2.192552805,4.036970139,1.094434023,1.243558406829834]
[190,256,256,256,256]
[0,1.654021978,3.238617182,1.004163504,1.101991891860962]
[190,290,286,286,286]
[0,1.869972706,3.872238159,1.097260475,1.2405500411987305]
[188,269,265,269,265]
[0,1.44064045,2.634809494,0.9903707504,1.0773544311523438]
[184,269,265,265,265]
[0,1.966608047,3.899234533,1.051597118,1.2011802196502686]
[190,281,281,281,281]
[0,1.900831938,4.544607162,1.106203794,1.2670073509216309]
[188,276,274,274,274]
[0,1.929742098,3.733817816,1.074701548,1.2007708549499512]
[185,279,279,279,279]
[0,2.104435921,4.340656281,1.133534431,1.280594825744629]
[186,256,256,256,256]
[0,2.03718996,3.304749489,1.057036877,1.1431241035461426]
[188,259,259,261,259]
[0,2.002020121,3.476393461,1.047114611,1.133629560470581]
[189,263,263,263,263]
[0,1.812698841,4.115086555,1.037059784,1.2036044597625732]
[187,261,261,261,261]
[0,1.697761536,3.609414339,1.007449389,1.1321423053741455]
[188,292,292,292,292]
[0,1.863424778,3.743415833,1.11694622,1.2446134090423584]
[189,265,265,265,265]
[0,2.288025618,5.161176443,1.12602973,1.3026320934295654]
[190,268,268,268,268]
[0,2.277398348,4.340328455,1.126184464,1.270334243774414]
[180,264,264,264,264]
[0,1.839764833,3.052429676,1.044685602,1.1156558990478516]
[189,288,288,288,288]
[0,2.580813169,4.980296612,1.21369791,1.424217939376831]
[183,269,267,269,267]
[0,1.736856222,3.704766989,1.040675879,1.1617348194122314]
[186,290,286,294,286]
[0,2.061015844,4.240965843,1.167249918,1.2704615592956543]
[177,269,269,269,269]
[0,2.724376202,5.047346354,1.186064959,1.3626980781555176]
[186,247,247,247,247]
[0,1.783797503,3.503256559,0.9744918346,1.0977752208709717]
[187,276,257,276,257]
[0,1.917960167,3.809823036,1.080052853,1.1661419868469238]
[188,275,275,275,275]
[0,1.887804985,4.060012341,1.070354462,1.2219548225402832]
[184,251,251,253,251]
[0,1.512671471,2.918128729,0.9633631706,1.0420949459075928]
[186,250,250,250,250]
[0,1.829628468,3.477260351,0.9817047119,1.1043925285339355]
[188,268,268,268,268]
[0,1.803141594,4.016499043,1.052632809,1.20359468460083]
[177,277,277,277,277]
[0,1.789248705,2.881383419,1.055916786,1.143237590789795]
[188,246,246,246,246]
[0,1.892803192,4.061321259,0.9921548367,1.1143975257873535]
[187,252,252,252,252]
[0,2.184201002,3.931573629,1.056266546,1.1829097270965576]
[190,273,273,273,273]
[0,1.811534643,3.778658867,1.076945543,1.1918330192565918]
[186,253,253,253,253]
[0,1.717593431,3.544190168,0.9902350903,1.1140921115875244]
[189,265,265,265,265]
[0,1.845773458,3.756454229,1.043255568,1.187950849533081]
[185,260,260,260,260]
[0,1.834005594,3.866726637,1.026977062,1.1699182987213135]
[179,263,266,263,266]
[0,2.121488333,4.132767439,1.081676722,1.223935842514038]
[187,281,279,281,279]
[0,1.93880415,3.551010609,1.103194714,1.2000696659088135]
[192,282,282,282,282]
[0,2.099810123,4.583356619,1.156921387,1.3694181442260742]
[190,294,294,294,294]
[0,2.57990694,5.400734663,1.256691694,1.438857078552246]
[187,270,270,270,270]
[0,1.809348345,3.66506052,1.050279617,1.2269880771636963]
[189,263,263,263,263]
[0,2.0361166,4.203885555,1.080134392,1.2243633270263672]
[190,270,265,270,265]
[0,1.733395338,4.208049297,1.046545744,1.2136754989624023]
[192,283,283,283,283]
[0,1.764234781,3.694398642,1.090323925,1.2023160457611084]
[189,270,270,278,270]
[0,1.772291422,3.318572283,1.089147091,1.174499273300171]
[184,276,274,276,274]
[0,2.165814161,4.334410429,1.12580657,1.27274751663208]
[188,271,271,271,271]
[0,2.070388317,3.597270489,1.072779655,1.1720097064971924]
[191,304,304,304,304]
[0,2.477505445,5.434050322,1.324058294,1.5124874114990234]
[186,280,278,280,278]
[0,2.239803553,4.275364399,1.192376852,1.318122386932373]
[186,264,264,264,264]
[0,1.972959042,4.167742729,2.374382019,1.279348611831665]
[185,262,262,262,262]
[0,1.853508472,3.401885748,1.123935461,1.1836493015289307]
[184,292,292,292,292]
[0,1.944825172,3.755682468,1.129339933,1.267742395401001]
[186,288,288,288,288]
[0,2.220115662,4.064301968,1.179907799,1.3044674396514893]
[180,249,249,249,249]
[0,1.758626938,3.943859339,1.007817745,1.2236461639404297]
[186,282,282,282,282]
[0,2.054707289,3.959636211,1.151999235,1.281017780303955]
[192,271,271,284,271]
[0,2.296252728,5.342105389,1.204134464,1.3647289276123047]
[188,271,271,271,271]
[0,1.875924826,3.779360771,1.078961134,1.193314790725708]
[181,259,259,259,259]
[0,1.764115095,2.901201725,1.026534081,1.0967750549316406]
[190,246,246,246,246]
[0,1.620264292,2.950746536,0.9709374905,1.0575079917907715]
[182,250,250,254,250]
[0,1.749890327,3.576489449,1.003551006,1.1289043426513672]
[191,310,310,310,310]
[0,2.639807463,5.309378624,1.306207657,1.4675054550170898]
[186,260,260,260,260]
[0,1.866668701,3.194461823,1.044565201,1.1545495986938477]
[191,280,280,282,280]
[0,2.070701361,4.374940395,1.173873425,1.3552398681640625]
[186,295,281,297,281]
[0,2.037027121,4.251658201,1.189613342,1.2593231201171875]
[191,288,288,294,288]
[0,1.875102282,3.549400806,1.174752474,1.2301692962646484]
[187,254,254,254,254]
[0,1.525028944,2.979638577,0.9655911922,1.0631515979766846]
[190,270,270,273,270]
[0,2.152164459,4.37579751,1.187879324,1.281282901763916]
[185,261,259,261,259]
[0,1.553473949,2.624850988,1.000151634,1.0640294551849365]
[184,244,244,244,244]
[0,2.019573927,4.140724659,1.050209761,1.1873893737792969]
[184,263,263,263,263]
[0,2.587899923,5.329285383,1.182618141,1.3418002128601074]
[192,276,276,276,276]
[0,1.511160374,2.911977768,1.03948307,1.136216163635254]
[182,269,269,269,269]
[0,1.947653294,4.291810036,1.348433733,1.2153832912445068]
[187,266,266,266,266]
[0,2.249202967,3.908457279,1.092597485,1.2259292602539062]
[186,273,272,272,272]
[0,1.894567251,3.271865368,1.334995508,1.1675903797149658]
[189,288,288,288,288]
[0,2.578129292,4.413043022,1.231562853,1.346494197845459]
[189,290,290,292,290]
[0,2.184633732,5.278972626,1.200295448,1.3807597160339355]
[176,265,265,265,265]
[0,1.742532492,3.027720928,1.046548843,1.141298532485962]
[185,263,263,263,263]
[0,1.919968128,4.073637962,1.066095114,1.2077100276947021]
[189,272,270,272,270]
[0,2.133690596,3.834356308,1.102193832,1.2078535556793213]
[186,278,278,278,278]
[0,2.016910791,3.996727943,1.119134188,1.2473170757293701]
[186,272,268,272,268]
[0,2.042561054,4.184618235,1.133972168,1.278977394104004]
[187,264,264,264,264]
[0,1.752208471,4.123770952,1.037839413,1.1761751174926758]
[186,275,269,269,269]
[0,1.912294626,3.618234634,1.061175108,1.2044756412506104]
[191,285,285,285,285]
[0,2.122514725,4.936261892,1.176506519,1.3398582935333252]
[188,268,268,270,268]
[0,1.944715261,4.219225883,1.088912249,1.227952241897583]
[182,256,256,256,256]
[0,1.740991592,3.58125782,1.017268419,1.1379759311676025]
[185,254,254,256,254]
[0,1.633641243,3.151037216,0.99736619,1.1001088619232178]
[189,265,265,265,265]
[0,2.320411682,5.383072376,1.146501064,1.330054759979248]
[189,286,286,286,286]
[0,1.940551996,4.634033203,1.125480652,1.317338466644287]
[189,268,268,268,268]
[0,2.244867086,4.367804527,1.13471365,1.295161247253418]
[188,255,255,255,255]
[0,1.751136541,3.801099777,1.010061264,1.1486930847167969]
[187,257,257,257,257]
[0,2.028022289,4.431360245,1.088261366,1.2145872116088867]
[186,259,259,259,259]
[0,1.695966482,3.010410547,1.004550219,1.1111605167388916]
[183,280,280,280,280]
[0,2.235750675,4.123856306,1.175642967,1.3283946514129639]
[187,285,283,285,283]
[0,2.054467201,4.271625757,1.154527903,1.3097848892211914]
[182,250,250,250,250]
[0,1.957570553,3.437946796,1.034573078,1.1555325984954834]
[179,279,275,279,275]
[0,1.894837618,3.765296936,1.09072113,1.2160379886627197]
[189,274,274,274,274]
[0,2.237401724,5.238863945,1.143197775,1.3719711303710938]
[181,263,263,263,263]
[0,2.079709291,4.001920223,1.098760128,1.2601408958435059]
[181,246,246,246,246]
[0,1.747436762,3.20438695,0.9761724472,1.0718977451324463]
[191,277,277,277,277]
[0,2.369868279,5.144884586,1.176525116,1.389326810836792]
[179,257,257,257,257]
[0,1.602689266,2.667634964,1.003740311,1.062901258468628]
[187,324,322,324,322]
[0,2.730852365,5.754287481,1.369659185,1.5508899688720703]
[177,261,261,261,261]
[0,2.203973055,4.112844467,1.096443892,1.2321841716766357]
[191,263,263,265,263]
[0,1.992051601,4.394910336,1.0833776,1.251582384109497]
[186,263,263,263,263]
[0,1.797186375,3.641228437,1.050662279,1.2022151947021484]
[191,294,292,294,292]
[0,2.406400919,5.929212332,1.248439074,1.448807954788208]
[186,273,273,273,273]
[0,2.196335077,4.480615377,1.14688015,1.2954730987548828]
[181,288,288,288,288]
[0,2.295376539,4.931858063,1.19925189,1.412093162536621]
[189,275,275,275,275]
[0,2.085410833,4.172199965,1.137318373,1.2666382789611816]
[189,311,309,317,309]
[0,2.463306904,4.413857698,1.297846794,1.4032704830169678]
[189,262,262,262,262]
[0,2.247318268,4.745373011,1.098782539,1.2621614933013916]
[186,277,277,277,277]
[0,2.286989689,4.183257341,1.171603203,1.291900634765625]
[186,286,286,286,286]
[0,2.031627417,3.907091379,1.150394201,1.3428795337677002]
[184,243,243,247,243]
[0,1.334801912,2.41986537,0.9271736145,0.9998157024383545]
[187,251,251,251,251]
[0,1.712799788,3.264641523,1.007483721,1.4909019470214844]
[178,280,280,280,280]
[0,2.432097912,3.881272078,1.182388067,1.276681661605835]
[186,255,255,255,255]
[0,2.052828312,4.223136425,1.116381645,1.3543291091918945]
[183,273,273,273,273]
[0,2.180066109,4.212633848,1.151920795,1.2867658138275146]
[190,268,268,268,268]
[0,2.139614344,4.816487551,1.12323451,1.2993416786193848]
[188,270,270,270,270]
[0,1.926574469,3.363697767,1.084228039,1.175464153289795]
[187,283,283,285,283]
[0,1.985900164,3.833781958,1.151099682,1.267862319946289]
[191,278,275,277,275]
[0,2.169273853,3.709989548,1.132858992,1.2469301223754883]
[184,295,295,299,295]
[0,2.363692522,4.715650558,1.246337652,1.37677001953125]
[181,273,269,269,269]
[0,2.162120104,3.47723937,1.136698961,1.212980031967163]
[188,255,255,255,255]
[0,1.731271744,3.291175842,1.015821457,1.1037511825561523]
[188,261,261,261,261]
[0,1.927526712,3.859778881,1.083131552,1.189213752746582]
[189,255,255,255,255]
[0,2.269213676,5.263170004,1.103118896,1.3223249912261963]
[187,228,228,228,228]
[0,1.451967955,3.188830137,0.8893361092,0.9903969764709473]
[185,263,263,263,263]
[0,2.069109917,4.236425877,1.070652246,1.252610683441162]
[188,262,262,262,262]
[0,1.860215187,3.742621183,1.053677559,1.163912057876587]
[180,259,259,259,259]
[0,1.973619699,3.549003124,1.07665205,1.1647672653198242]
[183,250,250,250,250]
[0,1.652751684,3.192236185,0.9778108597,1.0901563167572021]
[182,251,251,251,251]
[0,2.301342726,4.513732195,1.134083748,1.8679707050323486]
[191,299,299,299,299]
[0,2.07401824,4.424678802,1.187517881,1.3305697441101074]
[176,246,246,246,246]
[0,1.583135128,2.548432112,0.961616993,1.050837516784668]
[178,261,261,261,261]
[0,1.802091122,3.184542656,1.872213125,1.4340159893035889]
[189,269,269,269,269]
[0,2.961948156,6.008234262,1.180706501,1.4625482559204102]
[187,264,264,264,264]
[0,1.908869743,4.289674997,1.059796333,1.2008006572723389]
[181,282,280,282,280]
[0,2.056797504,3.563784838,1.355491161,1.2806735038757324]
[182,282,282,282,282]
[0,2.183389187,4.305064201,1.157172203,1.2861382961273193]
[186,264,264,264,264]
[0,2.063137531,4.655430079,1.116780996,1.3227348327636719]
[189,247,247,247,247]
[0,1.855229378,3.427915096,1.044004679,1.1397202014923096]
[184,261,261,261,261]
[0,1.653749704,3.311997652,1.008757114,1.2430768013000488]
[189,270,270,270,270]
[0,2.596391201,4.520097733,1.177181244,1.3225302696228027]
[186,240,240,240,240]
[0,2.118074894,4.411985397,1.026124954,1.1662445068359375]
[187,274,274,274,274]
[0,2.277756453,4.187364101,1.146342993,1.284959316253662]
[186,287,287,287,287]
[0,2.209815264,4.531416178,1.168628454,1.363957166671753]
[188,281,279,281,279]
[0,1.963074923,3.999482393,1.165123463,1.2748913764953613]
[194,307,307,303,307]
[0,2.463609695,5.253426075,1.255623579,1.4979512691497803]
[191,276,276,276,276]
[0,1.862243176,3.536147594,1.078687668,1.193373441696167]
[189,267,267,275,267]
[0,1.690219879,3.811162233,1.072139502,1.1955020427703857]
[184,286,286,288,286]
[0,2.268877983,4.72190094,1.177872419,1.334139108657837]
[191,267,267,267,267]
[0,2.368420601,5.261981726,1.133011103,1.3397109508514404]
[186,267,267,267,267]
[0,1.859867334,4.018511534,1.100039482,1.2076003551483154]
[188,250,250,250,250]
[0,1.357017279,2.375178814,0.9263813496,0.9920380115509033]
[185,285,285,289,285]
[0,1.589175463,2.928330183,1.081269264,1.1769182682037354]
[187,261,261,263,261]
[0,1.882843733,4.089499235,1.292893887,1.2540278434753418]
[190,255,255,255,255]
[0,2.179846048,4.576016665,1.505186558,1.2226545810699463]
[191,276,276,280,276]
[0,1.800529003,3.644086123,1.380851507,1.2213265895843506]
[184,270,270,270,270]
[0,2.527561188,4.706644058,1.185945511,1.5861809253692627]
[186,244,244,244,244]
[0,2.016757727,3.883929253,1.024945259,1.1574039459228516]
[182,259,259,259,259]
[0,2.305688143,3.68475914,1.138492823,1.227421760559082]
[189,294,294,294,294]
[0,2.313821077,4.666831255,1.24025321,1.404355525970459]
[185,254,254,254,254]
[0,2.080999374,4.268515825,1.096188307,1.2513017654418945]
[185,259,259,259,259]
[0,1.779248714,3.668735743,1.121982336,1.2289495468139648]
[182,279,279,284,279]
[0,2.068156481,4.69806242,1.162593126,1.3010594844818115]
[182,281,281,281,281]
[0,2.092007637,3.89852047,1.16498971,1.2897412776947021]
[180,273,273,275,273]
[0,1.956162453,3.134258747,1.088066101,1.2313458919525146]
[180,279,279,281,279]
[0,2.168684006,3.77174592,1.129667521,1.253303050994873]
[188,296,296,296,296]
[0,2.450885057,5.74054122,1.262801647,1.9601306915283203]
[191,316,314,314,314]
[0,3.013558865,4.849406481,1.248978138,1.4192173480987549]
[185,281,281,283,281]
[0,2.443148375,4.87550807,1.203949928,1.4236516952514648]
[189,247,247,261,247]
[0,1.824601889,3.483520508,1.055401087,1.1438424587249756]
[186,274,274,274,274]
[0,2.534229279,5.36762023,1.200491667,1.4130642414093018]
[184,309,308,310,308]
[0,2.35528779,5.092774868,1.272586584,1.4436125755310059]
[187,271,271,274,271]
[0,2.046192408,3.719614983,1.118691921,1.2311842441558838]
[188,247,243,247,243]
[0,1.402540684,2.763978481,0.9367032051,1.025768756866455]
[188,286,284,284,284]
[0,1.949416637,4.096996546,1.120364428,1.2568790912628174]
[185,303,301,309,301]
[0,2.016868591,4.046822309,1.208400726,1.316760778427124]
[184,278,278,278,278]
[0,2.022434235,4.125888824,1.117216349,1.3110780715942383]
[186,277,277,277,277]
[0,2.743606091,5.54041934,1.231559515,1.4295463562011719]
[184,256,256,258,256]
[0,1.519891977,2.740459681,0.9978015423,1.0638272762298584]
[180,269,269,271,269]
[0,1.976751566,3.409568071,1.107326031,1.1950044631958008]
[186,259,259,259,259]
[0,1.922487259,4.092304707,1.055062294,1.2198808193206787]
[189,249,249,249,249]
[0,1.732028246,3.632844448,0.9888851643,1.1294174194335938]
[183,282,280,280,280]
[0,1.979748249,4.333133221,1.105591774,1.2705628871917725]
[184,267,267,269,267]
[0,2.38199687,5.465437174,1.210776091,1.3586175441741943]
[188,272,272,272,272]
[0,2.053072453,3.777666569,2.072345018,1.5386152267456055]
[188,264,264,264,264]
[0,1.957508802,3.612688541,1.043613672,1.1746842861175537]
[188,277,275,275,275]
[0,2.374817371,4.869323969,1.162977219,1.3232300281524658]
[190,269,269,271,269]
[0,1.931972027,4.479012966,1.100311041,1.2323925495147705]
[190,283,279,283,279]
[0,2.326825857,5.923815012,1.202295542,1.4366357326507568]
[185,275,275,275,275]
[0,2.039339781,3.143417597,1.107709885,1.1885461807250977]
[188,270,268,265,268]
[0,1.992089272,4.186746359,1.095971584,1.2557976245880127]
[186,276,276,280,276]
[0,1.982800245,4.165709972,1.124573231,1.2752106189727783]
[187,243,243,243,243]
[0,1.612065554,3.26477766,0.9605658054,1.0460469722747803]
[184,272,272,272,272]
[0,1.995367289,3.925596476,1.089792013,1.2381923198699951]
[188,265,265,265,265]
[0,1.684159517,3.938872099,1.020602942,1.1781649589538574]
[189,286,286,286,286]
[0,2.58498311,5.753051519,1.253626347,1.4237866401672363]
[182,286,286,288,286]
[0,1.857047796,3.48819828,1.125416279,1.2291574478149414]
[185,285,285,287,285]
[0,2.121828318,3.888236761,1.161376715,1.2757937908172607]
[179,277,277,279,277]
[0,2.140394211,4.417979717,1.378566742,1.6689608097076416]
[192,258,258,258,258]
[0,2.084830761,4.099974871,1.079290628,1.2189652919769287]
[188,294,294,294,294]
[0,2.352591991,4.487986326,1.215307474,1.3534648418426514]
[188,285,285,285,285]
[0,2.141541004,4.59402442,1.17356801,1.3421375751495361]
[186,264,260,264,260]
[0,1.898461819,4.503858328,1.072204351,1.2459731101989746]
[183,300,306,300,306]
[0,1.975278854,3.942043304,1.155729294,1.343832015991211]
[187,273,273,273,273]
[0,1.73334837,3.33390379,1.070365191,1.222712516784668]
[181,277,277,279,277]
[0,1.718281507,3.180742741,1.071386814,1.1724774837493896]
[188,284,284,286,284]
[0,2.182411909,4.73480463,1.17361331,1.3618688583374023]
[191,283,283,283,283]
[0,1.973767042,3.882704735,1.127703667,1.2401280403137207]
[183,243,243,243,243]
[0,1.974675655,4.241715908,1.021051168,1.1546216011047363]
[192,275,275,275,275]
[0,2.34618926,4.672070026,1.178500652,1.3067176342010498]
[186,284,284,284,284]
[0,2.201497316,4.355368614,1.161434174,1.309025526046753]
[190,251,251,251,251]
[0,1.960276365,4.460440636,1.033189535,1.19804048538208]
[188,278,276,278,276]
[0,1.687759399,3.237090111,1.077239275,1.1609034538269043]
[185,255,255,255,255]
[0,2.129458189,4.128835678,1.083398104,1.2277534008026123]
[187,270,270,266,270]
[0,2.301187038,5.198793888,1.107877731,1.32759690284729]
[185,258,258,258,258]
[0,2.173100948,4.220547199,1.096828699,1.2350099086761475]
[190,249,249,249,249]
[0,1.681354523,3.525546551,0.9928262234,1.129565715789795]
[186,277,275,277,275]
[0,2.241079092,4.138967037,1.14750576,1.2668030261993408]
[188,264,264,264,264]
[0,1.575793266,2.809657335,1.015125275,1.1018788814544678]
[180,309,309,309,309]
[0,2.52708602,5.173340082,1.280618668,1.476090908050537]
[188,258,258,258,258]
[0,2.134335041,4.769630194,1.077435493,1.2559056282043457]
[186,273,273,275,273]
[0,1.756462097,3.795758963,1.066706419,1.2005126476287842]
[186,288,288,288,288]
[0,2.221788406,4.792062759,1.203553677,1.3700063228607178]
[183,257,257,257,257]
[0,1.849605083,3.140621901,1.032194853,1.1362497806549072]
[180,265,265,265,265]
[0,2.062106609,3.667653322,1.083446503,1.2048213481903076]
[187,241,241,241,241]
[0,1.728616953,3.371476412,0.9729208946,1.0853533744812012]
[180,270,268,270,268]
[0,2.035921574,4.07296896,1.104254484,1.259178638458252]
[188,276,276,276,276]
[0,1.960364819,4.449111462,1.108520269,1.277968168258667]
[185,264,264,266,264]
[0,2.099731207,4.220773697,1.115413904,1.2560312747955322]
[177,250,250,250,250]
[0,1.973448753,3.496945143,1.035446167,1.1365437507629395]
[191,267,267,267,267]
[0,2.606547594,5.164493561,1.196968555,1.3412368297576904]
[181,266,266,266,266]
[0,1.768362284,3.106341362,1.052131176,1.1349272727966309]
[184,255,255,261,255]
[0,1.885000944,3.717803001,1.057116032,1.1602861881256104]
[184,291,291,291,291]
[0,1.824702501,3.10341239,1.1281147,1.2152307033538818]
[187,255,255,255,255]
[0,1.489743471,2.802684546,0.965344429,1.0865912437438965]
[187,262,262,262,262]
[0,1.972356319,4.296559334,1.082735538,1.2341983318328857]
[192,291,291,291,291]
[0,2.786437988,5.707718134,1.270517588,1.4956753253936768]
[189,277,277,277,277]
[0,1.584294081,2.659966946,1.054409981,1.1391234397888184]
[183,273,272,273,272]
[0,2.507959127,4.46909523,1.509050846,1.4236319065093994]
[185,280,282,278,282]
[0,1.964800358,3.884525776,1.12064743,1.2630295753479004]
[176,276,276,278,276]
[0,1.640401125,2.881857395,1.074536324,1.144148349761963]
[188,266,266,266,266]
[0,2.142090082,4.373739719,1.12352562,1.2586641311645508]
[179,265,265,265,265]
[0,2.231785059,4.431327581,1.128119469,1.2980759143829346]
[191,286,281,286,281]
[0,1.899005413,3.646368027,1.126220465,1.2412214279174805]
[190,255,255,255,255]
[0,2.324882984,5.036623955,1.102505922,1.3232653141021729]
[183,263,263,263,263]
[0,1.845265627,3.669417143,1.049019337,1.1840016841888428]
[181,261,261,261,261]
[0,2.042217731,4.059082508,1.074477673,1.1998205184936523]
[190,284,279,284,279]
[0,1.949324369,3.851808071,1.155792475,1.23659348487854]
[188,270,268,270,268]
[0,1.930041313,3.760145426,1.101156235,1.2001948356628418]
[186,292,292,296,292]
[0,2.072813511,4.572771549,1.210128546,1.3361015319824219]
[187,255,255,255,255]
[0,1.604702234,3.100950956,0.9969382286,1.1014037132263184]
[187,269,269,279,269]
[0,1.875647783,3.728328466,1.126630783,1.2271370887756348]
[186,255,255,255,255]
[0,2.015910387,4.277459383,1.044301033,1.188443660736084]
[188,253,253,253,253]
[0,2.013732433,4.619115829,1.057336092,1.2285935878753662]
[186,263,263,263,263]
[0,2.048145771,4.769449711,1.10605073,1.256889820098877]
[189,266,266,268,266]
[0,2.305550337,4.861035824,1.148709774,1.3184304237365723]
[181,232,232,232,232]
[0,1.388471127,2.624674559,0.8788516521,0.9667506217956543]
[187,303,303,303,303]
[0,2.338266373,4.198662758,1.232364178,1.3571515083312988]
[184,265,265,265,265]
[0,2.233832836,4.618322372,1.075025082,1.270442247390747]
[176,268,268,268,268]
[0,1.692827702,3.182086945,1.037930965,1.1613011360168457]
[188,288,286,291,286]
[0,2.032250643,4.003927231,1.162982941,1.270613431930542]
[189,269,269,269,269]
[0,2.215452194,4.889976263,1.134787321,1.3072805404663086]
[188,266,266,266,266]
[0,2.144715071,4.580483913,1.113078833,1.2936174869537354]
[185,289,289,289,289]
[0,2.338768959,4.669385672,1.231852293,1.3616983890533447]
[188,277,277,281,277]
[0,2.328117132,4.97978878,1.18683362,1.3353447914123535]
[186,267,267,267,267]
[0,1.760750294,3.59615612,1.063544273,1.1810176372528076]
[184,260,260,260,260]
[0,2.078112125,3.692213058,1.081734657,1.2143876552581787]
[187,266,266,266,266]
[0,2.332576513,4.973057032,1.14636302,1.315711498260498]
[192,295,295,295,295]
[0,2.00171113,4.248596668,1.186906099,1.309845209121704]
[189,291,291,291,291]
[0,2.051809311,4.630389929,1.162503719,1.3438236713409424]
[186,251,251,251,251]
[0,2.096636057,4.132940769,1.045392275,1.191711187362671]
[188,255,255,255,255]
[0,1.515079498,2.991252661,0.9765503407,1.0754797458648682]
[187,259,259,259,259]
[0,1.788541794,3.719614267,1.048555613,1.1643919944763184]
[187,245,245,245,245]
[0,2.060865164,4.761505604,1.024068594,1.2020666599273682]
[182,269,269,269,269]
[0,2.015370369,4.246927261,1.096216679,1.2269847393035889]
[186,248,248,248,248]
[0,1.698190212,3.323257685,0.979241848,1.0895347595214844]
[187,266,266,266,266]
[0,1.749421597,3.504046679,1.055204391,1.1522808074951172]
[179,255,255,255,255]
[0,1.689618587,2.408606768,0.9876489639,1.046353816986084]
[186,261,261,261,261]
[0,1.946562052,3.847265244,1.062283516,1.18731689453125]
[179,257,257,257,257]
[0,1.84475708,3.056507587,1.046225786,1.0973639488220215]
[188,262,262,262,262]
[0,1.922092438,4.352211475,1.067946434,1.231443166732788]
[189,270,270,270,270]
[0,2.307845831,6.105487108,1.154235363,1.4102399349212646]
[186,273,269,277,269]
[0,2.05995822,4.027445316,1.131853819,1.2301263809204102]
[184,258,258,258,258]
[0,2.084905863,3.899748802,1.078786135,1.1912288665771484]
[188,255,255,255,255]
[0,2.090221405,3.630900145,1.092964411,1.1584711074829102]
[177,286,284,286,284]
[0,1.756425381,2.846969843,1.098324299,1.1732394695281982]
[183,253,253,253,253]
[0,1.995600462,3.351749659,1.080476522,1.1593165397644043]
[191,277,277,277,277]
[0,2.912561417,6.490777493,1.262542009,1.4592905044555664]
[184,251,274,251,274]
[0,1.622720242,3.330285311,1.018639803,1.2866265773773193]
[189,249,249,249,249]
[0,2.0519557,4.020105124,1.094533682,1.173827886581421]
[175,264,264,264,264]
[0,2.062746525,3.618803024,1.1304214,1.2010600566864014]
[184,278,278,280,278]
[0,1.766160011,3.475765228,1.070097208,1.212644100189209]
[186,294,288,296,288]
[0,2.069766283,4.042375803,1.190556526,1.306746482849121]
[184,260,260,260,260]
[0,2.494429588,4.629548311,1.133750916,1.3011877536773682]
[184,291,289,291,289]
[0,2.17501092,4.449292421,1.172685862,1.3213832378387451]
[190,296,296,296,296]
[0,2.818802118,6.339958906,1.291714668,1.5570154190063477]
[184,268,268,270,268]
[0,1.960744143,3.559075832,1.077699423,1.1871438026428223]
[184,259,259,259,259]
[0,1.887490511,4.193390846,1.057659388,1.218064785003662]
[188,273,273,273,273]
[0,1.786534071,3.691015959,1.064465523,1.1834285259246826]
[185,265,265,272,265]
[0,2.1597085,3.742134094,1.613508224,1.2718658447265625]
[177,261,261,261,261]
[0,1.867414713,3.496712208,1.130082607,1.2073843479156494]
[187,242,242,242,242]
[0,1.458623886,2.937197924,1.014692307,1.043459177017212]
[189,293,293,291,293]
[0,2.400820971,5.038811684,1.24847579,1.3911075592041016]
[187,283,283,285,283]
[0,1.954931974,3.893327475,1.148038626,1.2712111473083496]
[187,288,288,292,288]
[0,1.891277313,3.975557566,1.177952528,1.3341896533966064]
[187,267,267,267,267]
[0,2.523100615,5.159679413,1.209024668,1.3737068176269531]
[191,300,300,288,300]
[0,2.233417988,4.364362001,1.172631979,1.3209941387176514]
[189,250,250,250,250]
[0,1.865288019,3.99598074,1.032631636,1.1689598560333252]
[181,273,273,273,273]
[0,2.15238142,3.850008249,1.126652956,1.2396008968353271]
[187,297,290,290,290]
[0,2.136709213,4.487484455,1.158880711,1.3510584831237793]
[183,273,271,273,271]
[0,2.294158697,4.023438454,1.216923952,1.2987844944000244]
[187,274,274,274,274]
[0,2.122645378,4.089000702,1.118275881,1.2763116359710693]
[182,288,286,288,286]
[0,1.745597839,3.659112692,1.186725855,1.2263176441192627]
[180,238,238,238,238]
[0,1.847781658,3.68558836,1.285056829,1.0879020690917969]
[189,275,275,275,275]
[0,2.102781296,4.659096241,1.114919424,1.294525384902954]
[183,247,247,247,247]
[0,1.718826771,3.010204077,1.01113224,1.0990736484527588]
[187,290,290,290,290]
[0,1.760434151,3.475052118,1.130605459,1.2564313411712646]
[189,253,253,253,253]
[0,1.833146334,4.073696852,1.051148176,1.215230941772461]
[178,233,233,233,233]
[0,2.205117702,3.910418987,1.001526833,1.1239428520202637]
[186,272,268,272,268]
[0,2.220389843,4.272815466,1.135291338,1.2791402339935303]
[182,278,278,278,278]
[0,1.745572567,3.428147316,1.077415228,1.1736853122711182]
[173,286,286,291,286]
[0,2.330679893,4.172583818,1.193518639,1.2890534400939941]
[188,272,272,272,272]
[0,1.891423702,3.735223532,1.086842299,1.2197608947753906]
[188,286,286,299,286]
[0,2.10415864,4.49254632,1.210850954,1.319997787475586]
[187,292,290,292,290]
[0,2.043031454,4.690107107,1.174630642,1.381779670715332]
[187,258,258,258,258]
[0,1.739221096,3.358865023,1.01960969,1.142552137374878]
[189,271,271,271,271]
[0,2.073749781,4.326437712,1.117075205,1.2603168487548828]
[192,275,266,275,266]
[0,1.908302546,3.845856905,1.090286493,1.198181390762329]
[189,275,269,275,269]
[0,1.835263729,3.660534382,1.07866025,1.1858344078063965]
[182,247,247,247,247]
[0,1.70908761,3.217522621,0.9815683365,1.080984354019165]
[184,303,299,303,299]
[0,1.996442795,3.434469938,1.189325571,1.2526075839996338]
[186,282,281,282,281]
[0,2.604248524,6.056146383,1.199991465,1.4720327854156494]
[186,295,293,297,293]
[0,1.678226948,3.429911137,1.120889187,1.2435014247894287]
[183,252,252,252,252]
[0,1.966157436,3.826078176,1.025768995,1.1912002563476562]
[183,265,265,267,265]
[0,2.665705919,4.367275,1.146010399,1.2989187240600586]
[185,264,264,264,264]
[0,1.919139147,2.941964865,1.071094513,1.114978313446045]
[184,268,266,272,266]
[0,1.806435823,3.239728689,1.064174891,1.164513349533081]
[190,271,271,271,271]
[0,2.322638273,5.475313425,1.156693697,1.3332655429840088]
[186,281,278,281,278]
[0,1.703225851,2.886704922,1.105338097,1.155616283416748]
[188,253,253,253,253]
[0,2.45057869,4.782921791,1.104721785,1.2709860801696777]
[190,267,267,267,267]
[0,2.405652523,4.899833679,1.14078474,1.3204224109649658]
[183,259,259,263,259]
[0,2.237159252,4.665833235,1.149063349,1.2491106986999512]
[186,239,239,239,239]
[0,1.664932251,3.057703495,0.9510443211,1.0697951316833496]
[187,267,267,267,267]
[0,2.249190569,4.711984634,1.133653641,1.277296543121338]
[190,260,260,260,260]
[0,1.834518671,3.493091106,1.029509306,1.1359500885009766]
[187,272,272,272,272]
[0,2.479950428,5.103494406,1.160895586,1.354191541671753]
[191,280,280,280,280]
[0,2.748441458,6.188260794,1.28154707,1.493117094039917]
[189,292,292,292,292]
[0,2.047669172,3.689749718,1.17535162,1.2648968696594238]
[181,267,267,267,267]
[0,1.807768822,3.667465448,1.05462122,1.1753849983215332]
[191,270,268,270,268]
[0,2.241492271,5.012061834,1.138317823,1.3146491050720215]
[190,278,278,278,278]
[0,2.55535841,5.087437868,1.225785255,1.3770825862884521]
[180,268,268,268,268]
[0,1.62362051,2.742893934,1.026377439,1.107055425643921]
[187,257,257,257,257]
[0,1.931977987,3.964402676,1.047328949,1.188955307006836]
[188,269,269,269,269]
[0,1.826685905,3.52171874,1.065510988,1.1866366863250732]
[189,279,279,279,279]
[0,2.32372117,5.542395353,1.193050623,1.3961913585662842]